{
  "ControlStates": {
    "ChatBot": {
      "AllowAccessToGlobals": false,
      "ControlPropertyState": [
        "Fill",
        "Height",
        "Width",
        "X",
        "Y",
        "ZIndex"
      ],
      "IsAutoGenerated": false,
      "IsComponentDefinition": true,
      "IsDataControl": false,
      "IsFromScreenLayout": false,
      "IsGroupControl": false,
      "IsLocked": false,
      "LayoutName": "",
      "MetaDataIDKey": "",
      "Name": "ChatBot",
      "ParentIndex": 0,
      "PersistMetaDataIDKey": false,
      "Properties": [
        {
          "Category": "Design",
          "PropertyName": "ZIndex",
          "RuleProviderType": "System"
        },
        {
          "Category": "Design",
          "PropertyName": "Y",
          "RuleProviderType": "System"
        },
        {
          "Category": "Design",
          "PropertyName": "X",
          "RuleProviderType": "System"
        },
        {
          "Category": "Design",
          "PropertyName": "Width",
          "RuleProviderType": "System"
        },
        {
          "Category": "Design",
          "PropertyName": "Height",
          "RuleProviderType": "System"
        },
        {
          "Category": "Design",
          "PropertyName": "Fill",
          "RuleProviderType": "System"
        }
      ],
      "StyleName": "",
      "Type": "ControlInfo"
    },
    "PowerBI2": {
      "AllowAccessToGlobals": true,
      "ControlPropertyState": [
        "DisplayMode",
        "BorderColor",
        "BorderStyle",
        "X",
        "Y",
        {
          "AFDDataSourceName": "",
          "AutoRuleBindingEnabled": false,
          "AutoRuleBindingString": "",
          "InvariantPropertyName": "Width",
          "IsLockable": false,
          "NameMapSourceSchema": "?"
        },
        {
          "AFDDataSourceName": "",
          "AutoRuleBindingEnabled": false,
          "AutoRuleBindingString": "",
          "InvariantPropertyName": "Height",
          "IsLockable": false,
          "NameMapSourceSchema": "?"
        },
        "ZIndex",
        "WorkspaceId",
        "DashboardId",
        "TileUrl"
      ],
      "HasDynamicProperties": false,
      "IsAutoGenerated": false,
      "IsComponentDefinition": false,
      "IsDataControl": false,
      "IsFromScreenLayout": false,
      "IsGroupControl": false,
      "IsLocked": false,
      "LayoutName": "",
      "MetaDataIDKey": "",
      "Name": "PowerBI2",
      "ParentIndex": 0,
      "PersistMetaDataIDKey": false,
      "Properties": [
        {
          "Category": "Data",
          "PropertyName": "WorkspaceId",
          "RuleProviderType": "Unknown"
        },
        {
          "Category": "Data",
          "PropertyName": "DashboardId",
          "RuleProviderType": "Unknown"
        },
        {
          "Category": "Data",
          "PropertyName": "TileUrl",
          "RuleProviderType": "Unknown"
        },
        {
          "Category": "Design",
          "PropertyName": "DisplayMode",
          "RuleProviderType": "Unknown"
        },
        {
          "Category": "Design",
          "PropertyName": "BorderColor",
          "RuleProviderType": "Unknown"
        },
        {
          "Category": "Design",
          "PropertyName": "BorderStyle",
          "RuleProviderType": "Unknown"
        },
        {
          "Category": "Design",
          "PropertyName": "X",
          "RuleProviderType": "Unknown"
        },
        {
          "Category": "Design",
          "PropertyName": "Y",
          "RuleProviderType": "Unknown"
        },
        {
          "Category": "Design",
          "PropertyName": "Width",
          "RuleProviderType": "Unknown"
        },
        {
          "Category": "Design",
          "PropertyName": "Height",
          "RuleProviderType": "Unknown"
        },
        {
          "Category": "Design",
          "PropertyName": "ZIndex",
          "RuleProviderType": "Unknown"
        }
      ],
      "StyleName": "defaultPowerbiStyle",
      "Type": "ControlInfo"
    }
  },
  "TopParentName": "ChatBot"
}