[
  {
    "Data": "[{\"Area\":31,\"City\":\"Cairo\",\"Density\":39,\"Population\":12},{\"Area\":15,\"City\":\"Delhi\",\"Density\":78,\"Population\":18},{\"Area\":11,\"City\":\"Mexico City\",\"Density\":60,\"Population\":8},{\"Area\":22,\"City\":\"Istanbul\",\"Density\":65,\"Population\":14},{\"Area\":16,\"City\":\"London\",\"Density\":54,\"Population\":8},{\"Area\":25,\"City\":\"Moscow\",\"Density\":48,\"Population\":12},{\"Area\":8,\"City\":\"New York City\",\"Density\":107,\"Population\":8},{\"Area\":6,\"City\":\"Seoul\",\"Density\":172,\"Population\":10},{\"Area\":6,\"City\":\"Shanghai\",\"Density\":38,\"Population\":24},{\"Area\":6,\"City\":\"Tokyo\",\"Density\":146,\"Population\":9}]",
    "IsSampleData": true,
    "IsWritable": false,
    "Name": "ColumnChartSample",
    "OrderedColumnNames": [
      "City",
      "Population",
      "Area",
      "Density"
    ],
    "OriginalName": "ColumnChartSample",
    "OriginalSchema": "*[Area:n, City:s, Density:n, Population:n]",
    "Schema": "*[Area:n, City:s, Density:n, Population:n]",
    "Type": "StaticDataSourceInfo"
  }
]