[
  {
    "CdsFCBContext": "{\"FileType\":true,\"ImageExternalStorage\":true}",
    "EntitySetName": "cref9_employeetbls",
    "IsHidden": false,
    "IsSampleData": false,
    "IsWritable": true,
    "LogicalName": "cref9_employeetbl",
    "MaxGetRowsCount": 500,
    "Name": "EmployeeTBLS",
    "NativeCDSDataSourceInfoNameMapping": {
      "_ownerid_value": "Owner",
      "createdby": "Created By",
      "createdon": "Created On",
      "createdonbehalfby": "Created By (Delegate)",
      "cref9_email": "Email",
      "cref9_employeetbl_AsyncOperations": "System Jobs",
      "cref9_employeetbl_BulkDeleteFailures": "Bulk Delete Failures",
      "cref9_employeetbl_DuplicateBaseRecord": "Duplicate Records (cref9_employeetbl_DuplicateBaseRecord)",
      "cref9_employeetbl_DuplicateMatchingRecord": "Duplicate Records (cref9_employeetbl_DuplicateMatchingRecord)",
      "cref9_employeetbl_MailboxTrackingFolders": "Mailbox Auto Tracking Folders",
      "cref9_employeetbl_PrincipalObjectAttributeAccesses": "Field Sharing",
      "cref9_employeetbl_ProcessSession": "Process Sessions",
      "cref9_employeetbl_SyncErrors": "Sync Errors",
      "cref9_employeetbl_Teams": "Teams",
      "cref9_employeetblid": "EmployeeTBL",
      "cref9_holidaytime": "HolidayTime",
      "cref9_hoursperweek": "HoursPerWeek",
      "cref9_id": "ID",
      "cref9_name": "Name",
      "cref9_password": "Password",
      "cref9_positionid": "ManagerID",
      "cref9_profilepicture": "ProfilePicture",
      "cref9_profilepictureid": "cref9_ProfilePictureId",
      "cref9_Role": "Role",
      "importsequencenumber": "Import Sequence Number",
      "modifiedby": "Modified By",
      "modifiedon": "Modified On",
      "modifiedonbehalfby": "Modified By (Delegate)",
      "overriddencreatedon": "Record Created On",
      "owningbusinessunit": "Owning Business Unit",
      "owningteam": "Owning Team",
      "owninguser": "Owning User",
      "statecode": "Status",
      "statuscode": "Status Reason",
      "timezoneruleversionnumber": "Time Zone Rule Version Number",
      "utcconversiontimezonecode": "UTC Conversion Time Zone Code",
      "versionnumber": "Version Number"
    },
    "PreferredName": "EmployeeTBLS",
    "Type": "NativeCDSDataSourceInfo"
  },
  {
    "DisplayName": "EmployeeTBLS (Views)",
    "Name": "_cref9_employeetbl_views",
    "RelatedEntityName": "EmployeeTBLS",
    "TrimmedViewName": true,
    "Type": "ViewInfo",
    "ViewInfoNameMapping": {
      "0ead4d91-afc0-4e33-ac8a-2435dfe725b1": "Active EmployeeTBLS",
      "1bbed239-2452-4b36-9384-a31f9442fee7": "EmployeeTBL Lookup View",
      "533c8ed3-9f96-4551-ad16-f13b38734b55": "Inactive EmployeeTBLS",
      "8cff8616-8073-475e-a3b7-a368bfc7e582": "EmployeeTBL Associated View",
      "a079e831-fa73-472d-aee1-462e7d210422": "EmployeeTBL Advanced Find View"
    }
  },
  {
    "DisplayName": "Status (EmployeeTBLS)",
    "Name": "cref9_employeetbl_statecode",
    "OptionSetInfoNameMapping": {
      "0": "Active",
      "1": "Inactive"
    },
    "OptionSetIsBooleanValued": false,
    "OptionSetIsGlobal": false,
    "OptionSetReference": {
      "OptionSetReferenceItem0": {
        "OptionSetReferenceColumnName": "statecode",
        "OptionSetReferenceEntityName": "EmployeeTBLS"
      }
    },
    "OptionSetTypeKey": "StateType",
    "RelatedColumnInvariantName": "statecode",
    "RelatedEntityName": "EmployeeTBLS",
    "Type": "OptionSetInfo"
  },
  {
    "DisplayName": "Status Reason (EmployeeTBLS)",
    "Name": "cref9_employeetbl_statuscode",
    "OptionSetInfoNameMapping": {
      "1": "Active",
      "2": "Inactive"
    },
    "OptionSetIsBooleanValued": false,
    "OptionSetIsGlobal": false,
    "OptionSetReference": {
      "OptionSetReferenceItem0": {
        "OptionSetReferenceColumnName": "statuscode",
        "OptionSetReferenceEntityName": "EmployeeTBLS"
      }
    },
    "OptionSetTypeKey": "StatusType",
    "RelatedColumnInvariantName": "statuscode",
    "RelatedEntityName": "EmployeeTBLS",
    "Type": "OptionSetInfo"
  }
]