[
  {
    "CdsFCBContext": "{\"FileType\":true,\"ImageExternalStorage\":true}",
    "EntitySetName": "cref9_requeststbls",
    "IsHidden": false,
    "IsSampleData": false,
    "IsWritable": true,
    "LogicalName": "cref9_requeststbl",
    "MaxGetRowsCount": 500,
    "Name": "RequestsTBLS",
    "NativeCDSDataSourceInfoNameMapping": {
      "_ownerid_value": "Owner",
      "createdby": "Created By",
      "createdon": "Created On",
      "createdonbehalfby": "Created By (Delegate)",
      "cref9_approved": "Approved",
      "cref9_days": "Days",
      "cref9_details": "Details",
      "cref9_document": "Document",
      "cref9_documentid": "cref9_DocumentId",
      "cref9_employeeid": "EmployeeID",
      "cref9_enddate": "EndDate",
      "cref9_name": "RequestType",
      "cref9_requestid": "RequestID",
      "cref9_requeststbl_AsyncOperations": "System Jobs",
      "cref9_requeststbl_BulkDeleteFailures": "Bulk Delete Failures",
      "cref9_requeststbl_FileAttachments": "FileAttachments",
      "cref9_requeststbl_MailboxTrackingFolders": "Mailbox Auto Tracking Folders",
      "cref9_requeststbl_PrincipalObjectAttributeAccesses": "Field Sharing",
      "cref9_requeststbl_ProcessSession": "Process Sessions",
      "cref9_requeststbl_SyncErrors": "Sync Errors",
      "cref9_requeststbl_Teams": "Teams",
      "cref9_requeststblid": "RequestsTBL",
      "cref9_RequestType": "RequestTypeTBL",
      "cref9_startdate": "StartDate",
      "cref9_workfromhome": "WorkFromHome",
      "importsequencenumber": "Import Sequence Number",
      "modifiedby": "Modified By",
      "modifiedon": "Modified On",
      "modifiedonbehalfby": "Modified By (Delegate)",
      "overriddencreatedon": "Record Created On",
      "owningbusinessunit": "Owning Business Unit",
      "owningteam": "Owning Team",
      "owninguser": "Owning User",
      "statecode": "Status",
      "statuscode": "Status Reason",
      "timezoneruleversionnumber": "Time Zone Rule Version Number",
      "utcconversiontimezonecode": "UTC Conversion Time Zone Code",
      "versionnumber": "Version Number"
    },
    "PreferredName": "RequestsTBLS",
    "Type": "NativeCDSDataSourceInfo"
  },
  {
    "DisplayName": "RequestsTBLS (Views)",
    "Name": "_cref9_requeststbl_views",
    "RelatedEntityName": "RequestsTBLS",
    "TrimmedViewName": true,
    "Type": "ViewInfo",
    "ViewInfoNameMapping": {
      "3393fb0d-5496-486a-9456-4d8886e21b3c": "RequestsTBL Advanced Find View",
      "623ab6ca-5f0a-4bd3-a451-9ca4301cda1a": "Active RequestsTBLS",
      "668a5c78-9f8e-4dea-b80c-cde4045e68bb": "RequestsTBL Associated View",
      "aebe2c74-af4a-4e53-a333-7fb3886c6b0b": "Inactive RequestsTBLS",
      "cebc6b11-bae6-4af5-a5af-e34b26cdae79": "RequestsTBL Lookup View"
    }
  },
  {
    "DisplayName": "WorkFromHome (RequestsTBLS)",
    "Name": "cref9_requeststbl_cref9_workfromhome",
    "OptionSetInfoNameMapping": {
      "0": "No",
      "1": "Yes"
    },
    "OptionSetIsBooleanValued": true,
    "OptionSetIsGlobal": false,
    "OptionSetReference": {
      "OptionSetReferenceItem0": {
        "OptionSetReferenceColumnName": "cref9_workfromhome",
        "OptionSetReferenceEntityName": "RequestsTBLS"
      }
    },
    "OptionSetTypeKey": "BooleanType",
    "RelatedColumnInvariantName": "cref9_workfromhome",
    "RelatedEntityName": "RequestsTBLS",
    "Type": "OptionSetInfo"
  },
  {
    "DisplayName": "Status (RequestsTBLS)",
    "Name": "cref9_requeststbl_statecode",
    "OptionSetInfoNameMapping": {
      "0": "Active",
      "1": "Inactive"
    },
    "OptionSetIsBooleanValued": false,
    "OptionSetIsGlobal": false,
    "OptionSetReference": {
      "OptionSetReferenceItem0": {
        "OptionSetReferenceColumnName": "statecode",
        "OptionSetReferenceEntityName": "RequestsTBLS"
      }
    },
    "OptionSetTypeKey": "StateType",
    "RelatedColumnInvariantName": "statecode",
    "RelatedEntityName": "RequestsTBLS",
    "Type": "OptionSetInfo"
  },
  {
    "DisplayName": "Status Reason (RequestsTBLS)",
    "Name": "cref9_requeststbl_statuscode",
    "OptionSetInfoNameMapping": {
      "1": "Active",
      "2": "Inactive"
    },
    "OptionSetIsBooleanValued": false,
    "OptionSetIsGlobal": false,
    "OptionSetReference": {
      "OptionSetReferenceItem0": {
        "OptionSetReferenceColumnName": "statuscode",
        "OptionSetReferenceEntityName": "RequestsTBLS"
      }
    },
    "OptionSetTypeKey": "StatusType",
    "RelatedColumnInvariantName": "statuscode",
    "RelatedEntityName": "RequestsTBLS",
    "Type": "OptionSetInfo"
  },
  {
    "DisplayName": "A Yes or No boolean",
    "Name": "field_security_permission_type",
    "OptionSetInfoNameMapping": {
      "0": "Not Allowed",
      "4": "Allowed"
    },
    "OptionSetIsBooleanValued": false,
    "OptionSetIsGlobal": true,
    "OptionSetReference": {
      "OptionSetReferenceItem0": {
        "OptionSetReferenceColumnName": "cref9_approved",
        "OptionSetReferenceEntityName": "RequestsTBLS"
      }
    },
    "OptionSetTypeKey": "PicklistType",
    "RelatedColumnInvariantName": "cref9_approved",
    "RelatedEntityName": "RequestsTBLS",
    "Type": "OptionSetInfo"
  }
]