[
  {
    "CdsFCBContext": "{\"FileType\":true,\"ImageExternalStorage\":true}",
    "EntitySetName": "cref9_requesttypes",
    "IsHidden": false,
    "IsSampleData": false,
    "IsWritable": true,
    "LogicalName": "cref9_requesttype",
    "MaxGetRowsCount": 500,
    "Name": "RequestTypeTBLS",
    "NativeCDSDataSourceInfoNameMapping": {
      "_ownerid_value": "Owner",
      "createdby": "Created By",
      "createdon": "Created On",
      "createdonbehalfby": "Created By (Delegate)",
      "cref9_details": "Details",
      "cref9_id": "RequestTypeID",
      "cref9_name": "Name",
      "cref9_RequestsTBL_cref9_RequestType_cref9": "RequestsTBLS",
      "cref9_requesttype_AsyncOperations": "System Jobs",
      "cref9_requesttype_BulkDeleteFailures": "Bulk Delete Failures",
      "cref9_requesttype_DuplicateBaseRecord": "Duplicate Records (cref9_requesttype_DuplicateBaseRecord)",
      "cref9_requesttype_DuplicateMatchingRecord": "Duplicate Records (cref9_requesttype_DuplicateMatchingRecord)",
      "cref9_requesttype_MailboxTrackingFolders": "Mailbox Auto Tracking Folders",
      "cref9_requesttype_PrincipalObjectAttributeAccesses": "Field Sharing",
      "cref9_requesttype_ProcessSession": "Process Sessions",
      "cref9_requesttype_SyncErrors": "Sync Errors",
      "cref9_requesttypeid": "RequestType",
      "importsequencenumber": "Import Sequence Number",
      "modifiedby": "Modified By",
      "modifiedon": "Modified On",
      "modifiedonbehalfby": "Modified By (Delegate)",
      "overriddencreatedon": "Record Created On",
      "owningbusinessunit": "Owning Business Unit",
      "owningteam": "Owning Team",
      "owninguser": "Owning User",
      "statecode": "Status",
      "statuscode": "Status Reason",
      "timezoneruleversionnumber": "Time Zone Rule Version Number",
      "utcconversiontimezonecode": "UTC Conversion Time Zone Code",
      "versionnumber": "Version Number"
    },
    "PreferredName": "RequestTypeTBLS",
    "Type": "NativeCDSDataSourceInfo"
  },
  {
    "DisplayName": "RequestTypeTBLS (Views)",
    "Name": "_cref9_requesttype_views",
    "RelatedEntityName": "RequestTypeTBLS",
    "TrimmedViewName": true,
    "Type": "ViewInfo",
    "ViewInfoNameMapping": {
      "02a27b92-2d66-4598-8e6e-005b2959a8c2": "RequestType Associated View",
      "21efa9a9-7edd-49cc-bdec-111f5d6e15c9": "Inactive RequestTypes",
      "4d722fe7-176f-4dce-871a-4cb9d8762b2c": "RequestType Advanced Find View",
      "5899b0ca-e7b2-475c-9f8c-f307007f2b41": "RequestType Lookup View",
      "f5a6d6d1-0873-44a6-a6f6-986c0be5cdf2": "Active RequestTypes"
    }
  },
  {
    "DisplayName": "Status (RequestTypeTBLS)",
    "Name": "cref9_requesttype_statecode",
    "OptionSetInfoNameMapping": {
      "0": "Active",
      "1": "Inactive"
    },
    "OptionSetIsBooleanValued": false,
    "OptionSetIsGlobal": false,
    "OptionSetReference": {
      "OptionSetReferenceItem0": {
        "OptionSetReferenceColumnName": "statecode",
        "OptionSetReferenceEntityName": "RequestTypeTBLS"
      }
    },
    "OptionSetTypeKey": "StateType",
    "RelatedColumnInvariantName": "statecode",
    "RelatedEntityName": "RequestTypeTBLS",
    "Type": "OptionSetInfo"
  },
  {
    "DisplayName": "Status Reason (RequestTypeTBLS)",
    "Name": "cref9_requesttype_statuscode",
    "OptionSetInfoNameMapping": {
      "1": "Active",
      "2": "Inactive"
    },
    "OptionSetIsBooleanValued": false,
    "OptionSetIsGlobal": false,
    "OptionSetReference": {
      "OptionSetReferenceItem0": {
        "OptionSetReferenceColumnName": "statuscode",
        "OptionSetReferenceEntityName": "RequestTypeTBLS"
      }
    },
    "OptionSetTypeKey": "StatusType",
    "RelatedColumnInvariantName": "statuscode",
    "RelatedEntityName": "RequestTypeTBLS",
    "Type": "OptionSetInfo"
  }
]