[
  {
    "CdsFCBContext": "{\"FileType\":true,\"ImageExternalStorage\":true}",
    "EntitySetName": "cref9_roletbls",
    "IsHidden": false,
    "IsSampleData": false,
    "IsWritable": true,
    "LogicalName": "cref9_roletbl",
    "MaxGetRowsCount": 500,
    "Name": "RoleTBLS",
    "NativeCDSDataSourceInfoNameMapping": {
      "_ownerid_value": "Owner",
      "createdby": "Created By",
      "createdon": "Created On",
      "createdonbehalfby": "Created By (Delegate)",
      "cref9_cref9_employeetbl_Role_cref9_roletbl": "EmployeeTBLS",
      "cref9_cref9_useraccountstbl_Role_cref9_roletbl": "UserAccountsTBLS",
      "cref9_roleid": "Role",
      "cref9_roletbl_AsyncOperations": "System Jobs",
      "cref9_roletbl_BulkDeleteFailures": "Bulk Delete Failures",
      "cref9_roletbl_DuplicateBaseRecord": "Duplicate Records (cref9_roletbl_DuplicateBaseRecord)",
      "cref9_roletbl_DuplicateMatchingRecord": "Duplicate Records (cref9_roletbl_DuplicateMatchingRecord)",
      "cref9_roletbl_MailboxTrackingFolders": "Mailbox Auto Tracking Folders",
      "cref9_roletbl_PrincipalObjectAttributeAccesses": "Field Sharing",
      "cref9_roletbl_ProcessSession": "Process Sessions",
      "cref9_roletbl_SyncErrors": "Sync Errors",
      "cref9_roletbl_Teams": "Teams",
      "cref9_roletblid": "RoleTBL",
      "importsequencenumber": "Import Sequence Number",
      "modifiedby": "Modified By",
      "modifiedon": "Modified On",
      "modifiedonbehalfby": "Modified By (Delegate)",
      "overriddencreatedon": "Record Created On",
      "owningbusinessunit": "Owning Business Unit",
      "owningteam": "Owning Team",
      "owninguser": "Owning User",
      "statecode": "Status",
      "statuscode": "Status Reason",
      "timezoneruleversionnumber": "Time Zone Rule Version Number",
      "utcconversiontimezonecode": "UTC Conversion Time Zone Code",
      "versionnumber": "Version Number"
    },
    "PreferredName": "RoleTBLS",
    "Type": "NativeCDSDataSourceInfo"
  },
  {
    "DisplayName": "RoleTBLS (Views)",
    "Name": "_cref9_roletbl_views",
    "RelatedEntityName": "RoleTBLS",
    "TrimmedViewName": true,
    "Type": "ViewInfo",
    "ViewInfoNameMapping": {
      "155a78f2-5fdf-422b-9f9e-82302c9d07ac": "Inactive RoleTBLS",
      "4acec747-8e13-4495-92f6-b6aed5934ce6": "RoleTBL Advanced Find View",
      "5a8a26ff-b169-4e4b-9d41-9c98405fcf57": "Active RoleTBLS",
      "8e6231cd-6e48-49bd-9bf9-eb0e4b4b5018": "RoleTBL Lookup View",
      "b9e05301-9104-43cd-85ea-ee980e7862db": "RoleTBL Associated View"
    }
  },
  {
    "DisplayName": "Status (RoleTBLS)",
    "Name": "cref9_roletbl_statecode",
    "OptionSetInfoNameMapping": {
      "0": "Active",
      "1": "Inactive"
    },
    "OptionSetIsBooleanValued": false,
    "OptionSetIsGlobal": false,
    "OptionSetReference": {
      "OptionSetReferenceItem0": {
        "OptionSetReferenceColumnName": "statecode",
        "OptionSetReferenceEntityName": "RoleTBLS"
      }
    },
    "OptionSetTypeKey": "StateType",
    "RelatedColumnInvariantName": "statecode",
    "RelatedEntityName": "RoleTBLS",
    "Type": "OptionSetInfo"
  },
  {
    "DisplayName": "Status Reason (RoleTBLS)",
    "Name": "cref9_roletbl_statuscode",
    "OptionSetInfoNameMapping": {
      "1": "Active",
      "2": "Inactive"
    },
    "OptionSetIsBooleanValued": false,
    "OptionSetIsGlobal": false,
    "OptionSetReference": {
      "OptionSetReferenceItem0": {
        "OptionSetReferenceColumnName": "statuscode",
        "OptionSetReferenceEntityName": "RoleTBLS"
      }
    },
    "OptionSetTypeKey": "StatusType",
    "RelatedColumnInvariantName": "statuscode",
    "RelatedEntityName": "RoleTBLS",
    "Type": "OptionSetInfo"
  }
]