[
  {
    "CdsFCBContext": "{\"FileType\":true,\"ImageExternalStorage\":true}",
    "EntitySetName": "cref9_trialtbls",
    "IsHidden": false,
    "IsSampleData": false,
    "IsWritable": true,
    "LogicalName": "cref9_trialtbl",
    "MaxGetRowsCount": 500,
    "Name": "TrialTBLS",
    "NativeCDSDataSourceInfoNameMapping": {
      "_ownerid_value": "Owner",
      "createdby": "Created By",
      "createdon": "Created On",
      "createdonbehalfby": "Created By (Delegate)",
      "cref9_attachment": "Attachment",
      "cref9_name": "Name",
      "cref9_trialtbl_AsyncOperations": "System Jobs",
      "cref9_trialtbl_BulkDeleteFailures": "Bulk Delete Failures",
      "cref9_trialtbl_FileAttachments": "FileAttachments",
      "cref9_trialtbl_MailboxTrackingFolders": "Mailbox Auto Tracking Folders",
      "cref9_trialtbl_PrincipalObjectAttributeAccesses": "Field Sharing",
      "cref9_trialtbl_ProcessSession": "Process Sessions",
      "cref9_trialtbl_SyncErrors": "Sync Errors",
      "cref9_trialtbl_Teams": "Teams",
      "cref9_trialtblid": "TrialTBL",
      "importsequencenumber": "Import Sequence Number",
      "modifiedby": "Modified By",
      "modifiedon": "Modified On",
      "modifiedonbehalfby": "Modified By (Delegate)",
      "overriddencreatedon": "Record Created On",
      "owningbusinessunit": "Owning Business Unit",
      "owningteam": "Owning Team",
      "owninguser": "Owning User",
      "statecode": "Status",
      "statuscode": "Status Reason",
      "timezoneruleversionnumber": "Time Zone Rule Version Number",
      "utcconversiontimezonecode": "UTC Conversion Time Zone Code",
      "versionnumber": "Version Number"
    },
    "PreferredName": "TrialTBLS",
    "Type": "NativeCDSDataSourceInfo"
  },
  {
    "DisplayName": "TrialTBLS (Views)",
    "Name": "_cref9_trialtbl_views",
    "RelatedEntityName": "TrialTBLS",
    "TrimmedViewName": true,
    "Type": "ViewInfo",
    "ViewInfoNameMapping": {
      "07bbbe62-91b1-44a5-ae1a-240a225a1b0e": "Inactive TrialTBLS",
      "2b3bf7c3-c2a1-46a9-859c-93aa0e618c2f": "Active TrialTBLS",
      "30aaf4ae-02b8-400c-b9bf-456abf9c1c61": "TrialTBL Lookup View",
      "37d8e061-d010-48ab-88f8-cf35dec7f04d": "TrialTBL Associated View",
      "930c135c-3a5f-41cd-a87d-2c9d185db225": "TrialTBL Advanced Find View"
    }
  },
  {
    "DisplayName": "Status (TrialTBLS)",
    "Name": "cref9_trialtbl_statecode",
    "OptionSetInfoNameMapping": {
      "0": "Active",
      "1": "Inactive"
    },
    "OptionSetIsBooleanValued": false,
    "OptionSetIsGlobal": false,
    "OptionSetReference": {
      "OptionSetReferenceItem0": {
        "OptionSetReferenceColumnName": "statecode",
        "OptionSetReferenceEntityName": "TrialTBLS"
      }
    },
    "OptionSetTypeKey": "StateType",
    "RelatedColumnInvariantName": "statecode",
    "RelatedEntityName": "TrialTBLS",
    "Type": "OptionSetInfo"
  },
  {
    "DisplayName": "Status Reason (TrialTBLS)",
    "Name": "cref9_trialtbl_statuscode",
    "OptionSetInfoNameMapping": {
      "1": "Active",
      "2": "Inactive"
    },
    "OptionSetIsBooleanValued": false,
    "OptionSetIsGlobal": false,
    "OptionSetReference": {
      "OptionSetReferenceItem0": {
        "OptionSetReferenceColumnName": "statuscode",
        "OptionSetReferenceEntityName": "TrialTBLS"
      }
    },
    "OptionSetTypeKey": "StatusType",
    "RelatedColumnInvariantName": "statuscode",
    "RelatedEntityName": "TrialTBLS",
    "Type": "OptionSetInfo"
  }
]