[
  {
    "CdsFCBContext": "{\"FileType\":true,\"ImageExternalStorage\":true}",
    "EntitySetName": "cref9_useraccountstbls",
    "IsHidden": false,
    "IsSampleData": false,
    "IsWritable": true,
    "LogicalName": "cref9_useraccountstbl",
    "MaxGetRowsCount": 500,
    "Name": "UserAccountsTBLS",
    "NativeCDSDataSourceInfoNameMapping": {
      "_ownerid_value": "Owner",
      "createdby": "Created By",
      "createdon": "Created On",
      "createdonbehalfby": "Created By (Delegate)",
      "cref9_employeeid": "EmployeeID",
      "cref9_name": "Email",
      "cref9_password": "Password",
      "cref9_Role": "Role",
      "cref9_useraccountstbl_AsyncOperations": "System Jobs",
      "cref9_useraccountstbl_BulkDeleteFailures": "Bulk Delete Failures",
      "cref9_useraccountstbl_DuplicateBaseRecord": "Duplicate Records (cref9_useraccountstbl_DuplicateBaseRecord)",
      "cref9_useraccountstbl_DuplicateMatchingRecord": "Duplicate Records (cref9_useraccountstbl_DuplicateMatchingRecord)",
      "cref9_useraccountstbl_MailboxTrackingFolders": "Mailbox Auto Tracking Folders",
      "cref9_useraccountstbl_PrincipalObjectAttributeAccesses": "Field Sharing",
      "cref9_useraccountstbl_ProcessSession": "Process Sessions",
      "cref9_useraccountstbl_SyncErrors": "Sync Errors",
      "cref9_useraccountstblid": "UserAccountsTBL",
      "importsequencenumber": "Import Sequence Number",
      "modifiedby": "Modified By",
      "modifiedon": "Modified On",
      "modifiedonbehalfby": "Modified By (Delegate)",
      "overriddencreatedon": "Record Created On",
      "owningbusinessunit": "Owning Business Unit",
      "owningteam": "Owning Team",
      "owninguser": "Owning User",
      "statecode": "Status",
      "statuscode": "Status Reason",
      "timezoneruleversionnumber": "Time Zone Rule Version Number",
      "utcconversiontimezonecode": "UTC Conversion Time Zone Code",
      "versionnumber": "Version Number"
    },
    "PreferredName": "UserAccountsTBLS",
    "Type": "NativeCDSDataSourceInfo"
  },
  {
    "DisplayName": "UserAccountsTBLS (Views)",
    "Name": "_cref9_useraccountstbl_views",
    "RelatedEntityName": "UserAccountsTBLS",
    "TrimmedViewName": true,
    "Type": "ViewInfo",
    "ViewInfoNameMapping": {
      "0394496b-134c-43bc-98d2-bea50aad2bac": "UserAccountsTBL Associated View",
      "373573dd-1847-49e7-8cb2-9d0eef0ba363": "Inactive UserAccountsTBLS",
      "5672cd20-9c2d-4e4d-bfbb-9450cdca74a5": "UserAccountsTBL Advanced Find View",
      "a0815cff-8cd5-4b06-8496-c62992d4b60f": "Active UserAccountsTBLS",
      "bddcbd28-9ffa-45de-97cf-34b0ae3907f9": "UserAccountsTBL Lookup View"
    }
  },
  {
    "DisplayName": "Status (UserAccountsTBLS)",
    "Name": "cref9_useraccountstbl_statecode",
    "OptionSetInfoNameMapping": {
      "0": "Active",
      "1": "Inactive"
    },
    "OptionSetIsBooleanValued": false,
    "OptionSetIsGlobal": false,
    "OptionSetReference": {
      "OptionSetReferenceItem0": {
        "OptionSetReferenceColumnName": "statecode",
        "OptionSetReferenceEntityName": "UserAccountsTBLS"
      }
    },
    "OptionSetTypeKey": "StateType",
    "RelatedColumnInvariantName": "statecode",
    "RelatedEntityName": "UserAccountsTBLS",
    "Type": "OptionSetInfo"
  },
  {
    "DisplayName": "Status Reason (UserAccountsTBLS)",
    "Name": "cref9_useraccountstbl_statuscode",
    "OptionSetInfoNameMapping": {
      "1": "Active",
      "2": "Inactive"
    },
    "OptionSetIsBooleanValued": false,
    "OptionSetIsGlobal": false,
    "OptionSetReference": {
      "OptionSetReferenceItem0": {
        "OptionSetReferenceColumnName": "statuscode",
        "OptionSetReferenceEntityName": "UserAccountsTBLS"
      }
    },
    "OptionSetTypeKey": "StatusType",
    "RelatedColumnInvariantName": "statuscode",
    "RelatedEntityName": "UserAccountsTBLS",
    "Type": "OptionSetInfo"
  }
]