{
  "ClientBuildDetails": {
    "CommitHash": "e0e09e644b41d4a7edb605f8c4d0af14b4e2241e",
    "IsLocalBuild": false
  },
  "ClientPerFileChecksums": {
    "AppCheckerResult.sarif": "C8_yGxvbHrlguScjo8OEEcvwdYYZAkEe7NgvHp6ILHAMM4=",
    "Assets\\Images\\45f52f98-43fd-4c15-bcab-36abfb7f6b41.png": "C8_IbKcZHRzuB4T1LrhkZhWhjkbx9o3lRboODnPMKogQY0=",
    "Assets\\Images\\6360df1d-695b-4621-bc34-8c247849cd41.jpg": "C8_yC+cECyWzoeAw/tbbQkV2+VLEFuY8SvEtKgvReVbgQ4=",
    "Assets\\Images\\95120746-e098-4838-a6fa-4401385b9108.png": "C8_qT82Tg1kyQZfbf1kradFGv1urbcK/ro6zrxjO3PGPvY=",
    "Assets\\Images\\b5599a5a-b784-45b9-bb7d-7fdfc5bae76c.png": "C8_6jc+5H+EwkCWHbs8PagbtT8FlefLIGHwpenJR0qhZSM=",
    "Assets\\Images\\f3c86a05-0226-4007-b1a9-b0b0e1b9b9fe.png": "C8_Ca01N4/II3ZQ7LxHHs1SxeKq28TqiT1lgtqh7KjYgfs=",
    "Components\\15.json": "C8_l40H67P3wbXdoanPNrQ7egTmaKHdvxHM7W4L5DXnmis=",
    "Components\\20.json": "C8_f/JK3ue7xlIAuo0YShgYBJ/yguz5RXhp6dC6E/Ow0Us=",
    "Components\\298.json": "C8_GYDzuQCd8erL939WxfJHLAKeSDd23g3o2y3TG/NlNT4=",
    "Components\\3.json": "C8_3ZdET0Kfivumv8sJCQFj9jG91E7/KS0+6/o9rP3/vsY=",
    "Components\\9.json": "C8_DLJ668WMzJyB1xkzKpnyMX7uTyE2Jut7DWOPaYFW5C8=",
    "ComponentsMetadata.json": "C8_WW0xB1u3Eq3Lz/gjjx5GjopuelhqXZLmcEDnG4Upg4Y=",
    "Controls\\1.json": "C8_6oShBiwlqidcSTvuLyejNSvxcrHS3DjEWR10HcI+VY0=",
    "Controls\\110.json": "C8_jF0W/Q0ixn6WRFF++q+vvESde2bMBHd0quQx8MvmeFw=",
    "Controls\\127.json": "C8_fyg9iTem28sgHyRU5/3Q4uGbBYOb+DCLg8mr71kE4Aw=",
    "Controls\\137.json": "C8_FfnNVN2eq6pr3hFWmmQtUrS7JDOrzLfS9RF3pPPQIbU=",
    "Controls\\153.json": "C8_vsWel88n/KExfUaxiFOc6Fy1U0TpsAGkww+OqRmhdFs=",
    "Controls\\171.json": "C8_3AOC0xmEZq2pJl3n9LTRYoOLf1GOeckw+WCr5Y+S5RU=",
    "Controls\\181.json": "C8_q7VvyGLtDx8vF84yV2LnkE61Bc9Iihhju2Ve+3/6iB8=",
    "Controls\\220.json": "C8_DKtNlmARPlO+/Ydei5J6Qe9oI6yDsGK55kAY/1Zkvcg=",
    "Controls\\229.json": "C8_ZcC63X0t4DUzfjjFNTd/VPkuezEXxMBu0o4WvEHlIc8=",
    "Controls\\248.json": "C8_oAxgF/LfFZa4jPkieSyWIpM+P8N5kzajfHNSsi/5MGw=",
    "Controls\\279.json": "C8_EiyxutD5iShxWWnSteoIoJVln+vZ52Rn+LPJOB9uj6Y=",
    "Controls\\28.json": "C8_3PWwh9w9QNL9txbzUl79Fb1An7LVvTgvoDfekvOcxCs=",
    "Controls\\39.json": "C8_nifdKqcV0o2I9tviVNtgGua7AbQnJQryxfn3g0eArCY=",
    "Controls\\74.json": "C8_1yQroMNanE+nL9hBMlRTb4cU6DYfhzox8Qh8ChLZwrw=",
    "Header.json": "C8_sY0HOJvLJVNqI1vINrWNmsXBRaiu90y9fbFnx6YvH7M=",
    "Properties.json": "C8_4Fc+Va8Agt5xwlAuUaynJ8WlCjt/3ZxUYgugoyZsKy8=",
    "References\\DataSources.json": "C8_AjrFVb5J9vJjTpG4BHjF7+veM7+xTHk2NgaYm6OcKn8=",
    "References\\QualifiedValues.json": "C8_yisuetW8Q3Xo2fAbe8C07YNCPgyy6nxXxZlqcsXxtEQ=",
    "References\\Resources.json": "C8_DDaWr4tWPY6B0L1qa8jm6cWEPFCvsKJujZFBMxDMcdE=",
    "References\\Templates.json": "C8_C61OEVZyTw4R2H8G7M1HLuqvsotjesvmRgU/R0mFH5M=",
    "References\\Themes.json": "C8_5zQnKpyxYTcqIM8qCqTukg/E4IEzHkBvoU1VahKSqp8=",
    "Resources\\PublishInfo.json": "C8_9wa2nTnmIsft+J5Z/IditicB5XiQevuNCW2W3VML834="
  },
  "ClientStampedChecksum": "C8_yFo1rriSItMwQ9jyLal8alJEewpZYNaG1mS+cK9TvKQ=",
  "ServerPerFileChecksums": {
    "AppCheckerResult.sarif": "C8_yGxvbHrlguScjo8OEEcvwdYYZAkEe7NgvHp6ILHAMM4=",
    "Assets\\Images\\45f52f98-43fd-4c15-bcab-36abfb7f6b41.png": "C8_IbKcZHRzuB4T1LrhkZhWhjkbx9o3lRboODnPMKogQY0=",
    "Assets\\Images\\6360df1d-695b-4621-bc34-8c247849cd41.jpg": "C8_yC+cECyWzoeAw/tbbQkV2+VLEFuY8SvEtKgvReVbgQ4=",
    "Assets\\Images\\95120746-e098-4838-a6fa-4401385b9108.png": "C8_qT82Tg1kyQZfbf1kradFGv1urbcK/ro6zrxjO3PGPvY=",
    "Assets\\Images\\b5599a5a-b784-45b9-bb7d-7fdfc5bae76c.png": "C8_6jc+5H+EwkCWHbs8PagbtT8FlefLIGHwpenJR0qhZSM=",
    "Assets\\Images\\f3c86a05-0226-4007-b1a9-b0b0e1b9b9fe.png": "C8_Ca01N4/II3ZQ7LxHHs1SxeKq28TqiT1lgtqh7KjYgfs=",
    "Components\\15.json": "C8_l40H67P3wbXdoanPNrQ7egTmaKHdvxHM7W4L5DXnmis=",
    "Components\\20.json": "C8_f/JK3ue7xlIAuo0YShgYBJ/yguz5RXhp6dC6E/Ow0Us=",
    "Components\\298.json": "C8_GYDzuQCd8erL939WxfJHLAKeSDd23g3o2y3TG/NlNT4=",
    "Components\\3.json": "C8_3ZdET0Kfivumv8sJCQFj9jG91E7/KS0+6/o9rP3/vsY=",
    "Components\\9.json": "C8_DLJ668WMzJyB1xkzKpnyMX7uTyE2Jut7DWOPaYFW5C8=",
    "ComponentsMetadata.json": "C8_WW0xB1u3Eq3Lz/gjjx5GjopuelhqXZLmcEDnG4Upg4Y=",
    "Controls\\1.json": "C8_6oShBiwlqidcSTvuLyejNSvxcrHS3DjEWR10HcI+VY0=",
    "Controls\\110.json": "C8_jF0W/Q0ixn6WRFF++q+vvESde2bMBHd0quQx8MvmeFw=",
    "Controls\\127.json": "C8_fyg9iTem28sgHyRU5/3Q4uGbBYOb+DCLg8mr71kE4Aw=",
    "Controls\\137.json": "C8_FfnNVN2eq6pr3hFWmmQtUrS7JDOrzLfS9RF3pPPQIbU=",
    "Controls\\153.json": "C8_vsWel88n/KExfUaxiFOc6Fy1U0TpsAGkww+OqRmhdFs=",
    "Controls\\171.json": "C8_3AOC0xmEZq2pJl3n9LTRYoOLf1GOeckw+WCr5Y+S5RU=",
    "Controls\\181.json": "C8_q7VvyGLtDx8vF84yV2LnkE61Bc9Iihhju2Ve+3/6iB8=",
    "Controls\\220.json": "C8_DKtNlmARPlO+/Ydei5J6Qe9oI6yDsGK55kAY/1Zkvcg=",
    "Controls\\229.json": "C8_ZcC63X0t4DUzfjjFNTd/VPkuezEXxMBu0o4WvEHlIc8=",
    "Controls\\248.json": "C8_oAxgF/LfFZa4jPkieSyWIpM+P8N5kzajfHNSsi/5MGw=",
    "Controls\\279.json": "C8_EiyxutD5iShxWWnSteoIoJVln+vZ52Rn+LPJOB9uj6Y=",
    "Controls\\28.json": "C8_3PWwh9w9QNL9txbzUl79Fb1An7LVvTgvoDfekvOcxCs=",
    "Controls\\39.json": "C8_nifdKqcV0o2I9tviVNtgGua7AbQnJQryxfn3g0eArCY=",
    "Controls\\74.json": "C8_1yQroMNanE+nL9hBMlRTb4cU6DYfhzox8Qh8ChLZwrw=",
    "Header.json": "C8_sY0HOJvLJVNqI1vINrWNmsXBRaiu90y9fbFnx6YvH7M=",
    "Properties.json": "C8_4Fc+Va8Agt5xwlAuUaynJ8WlCjt/3ZxUYgugoyZsKy8=",
    "References\\DataSources.json": "C8_AjrFVb5J9vJjTpG4BHjF7+veM7+xTHk2NgaYm6OcKn8=",
    "References\\QualifiedValues.json": "C8_yisuetW8Q3Xo2fAbe8C07YNCPgyy6nxXxZlqcsXxtEQ=",
    "References\\Resources.json": "C8_DDaWr4tWPY6B0L1qa8jm6cWEPFCvsKJujZFBMxDMcdE=",
    "References\\Templates.json": "C8_C61OEVZyTw4R2H8G7M1HLuqvsotjesvmRgU/R0mFH5M=",
    "References\\Themes.json": "C8_5zQnKpyxYTcqIM8qCqTukg/E4IEzHkBvoU1VahKSqp8=",
    "Resources\\PublishInfo.json": "C8_9wa2nTnmIsft+J5Z/IditicB5XiQevuNCW2W3VML834="
  },
  "ServerStampedChecksum": "C8_yFo1rriSItMwQ9jyLal8alJEewpZYNaG1mS+cK9TvKQ="
}