{
  "ComponentIndexes": {
    "AdminNavbar": 16,
    "ChatBot": 17,
    "ChatBot_1": 17,
    "Clock-InPopUpExperiment": 13,
    "Navbar": 15,
    "Navbar v1": 14
  },
  "ControlUniqueGuids": {},
  "ControlUniqueIds": {
    "AddEmployeeFormPgMr": 39,
    "AddPicture1": 55,
    "AdminNavbar": 9,
    "AllRequestsGallery": 237,
    "App": 1,
    "Approved_DataCard2": 101,
    "ApproveFilterBtn": 235,
    "BackgroundRectangle": 128,
    "Body2": 212,
    "Body4": 243,
    "Button1": 73,
    "Button1_10": 226,
    "Button1_11": 255,
    "Button1_12": 285,
    "Button1_13": 124,
    "Button1_14": 236,
    "Button1_15": 7,
    "Button1_16": 35,
    "Button1_17": 13,
    "Button1_18": 81,
    "Button1_19": 161,
    "Button1_8": 143,
    "Button1_9": 189,
    "Button2": 150,
    "Button2_10": 224,
    "Button2_11": 252,
    "Button2_12": 283,
    "Button2_13": 114,
    "Button2_14": 233,
    "Button2_15": 6,
    "Button2_16": 32,
    "Button2_17": 12,
    "Button2_18": 78,
    "Button2_19": 157,
    "Button2_8": 141,
    "Button2_9": 185,
    "Button3": 151,
    "Button3_10": 227,
    "Button3_11": 256,
    "Button3_12": 288,
    "Button3_13": 125,
    "Button3_14": 245,
    "Button3_15": 8,
    "Button3_16": 36,
    "Button3_17": 246,
    "Button3_18": 37,
    "Button3_19": 14,
    "Button3_20": 289,
    "Button3_23": 107,
    "Button3_24": 106,
    "Button3_25": 162,
    "Button3_8": 146,
    "Button3_9": 190,
    "Button4": 294,
    "Button4_1": 295,
    "Button5": 147,
    "Button6": 168,
    "Button7": 178,
    "CalendarEventsGallery1": 209,
    "ChatBot": 298,
    "ChatBot_1": 300,
    "Circle1": 205,
    "Circle2": 287,
    "Circle2_1": 145,
    "Clock-InPopUpExperiment": 15,
    "Clock-InPopUpRequestsHomePg": 296,
    "ColumnChart1": 176,
    "CompositeColumnChart1": 180,
    "CompositePieChart1": 169,
    "CompositePieChart1_1": 179,
    "DataCardKey1": 43,
    "DataCardKey10": 88,
    "DataCardKey11": 92,
    "DataCardKey12": 96,
    "DataCardKey13": 99,
    "DataCardKey15": 70,
    "DataCardKey3": 48,
    "DataCardKey4": 53,
    "DataCardKey5": 60,
    "DataCardKey7": 65,
    "DataCardKey8": 103,
    "DataCardKey9": 85,
    "DataCardValue1": 44,
    "DataCardValue10": 97,
    "DataCardValue11": 100,
    "DataCardValue12": 66,
    "DataCardValue14": 71,
    "DataCardValue3": 49,
    "DataCardValue4": 61,
    "DataCardValue6": 104,
    "DataCardValue7": 86,
    "DataCardValue8": 89,
    "DataCardValue9": 93,
    "DatesCt": 275,
    "Description1": 214,
    "Details_DataCard2": 87,
    "DetailsET": 265,
    "DoctorsCertCt": 276,
    "Document_DataCard2": 90,
    "dropdownCalendarSelection1": 191,
    "Email_DataCard1": 58,
    "EmployeeDropdownMenu": 159,
    "EmployeeEmailLbl": 160,
    "EmployeeRequestsGallery": 116,
    "EmployeeRequestsPg": 110,
    "EmployeeStatisticsPg": 153,
    "EmployeeStatsBI": 34,
    "EndDate_DataCard2": 98,
    "EndDateDP": 266,
    "ErrorMessage1": 45,
    "ErrorMessage10": 94,
    "ErrorMessage2": 50,
    "ErrorMessage3": 56,
    "ErrorMessage4": 62,
    "ErrorMessage5": 67,
    "ErrorMessage7": 72,
    "ErrorMessage9": 105,
    "FileUpload": 271,
    "Form1": 40,
    "Form2": 57,
    "galleryTemplate1": 238,
    "galleryTemplate2": 117,
    "galleryTemplate3": 198,
    "galleryTemplate4": 202,
    "galleryTemplate5": 210,
    "GeneralCt": 263,
    "GlobalStatisticsPgMr": 171,
    "Group1": 108,
    "Group2": 297,
    "Group3": 126,
    "HomeBtn": 25,
    "HomePg": 220,
    "Icon1": 273,
    "Icon2": 19,
    "Icon2_1": 293,
    "Icon2_10": 223,
    "Icon2_11": 251,
    "Icon2_12": 282,
    "Icon2_13": 113,
    "Icon2_14": 232,
    "Icon2_15": 5,
    "Icon2_16": 31,
    "Icon2_17": 24,
    "Icon2_18": 77,
    "Icon2_19": 156,
    "Icon2_20": 11,
    "Icon2_8": 138,
    "Icon2_9": 184,
    "Icon3": 291,
    "iconCalendar1": 193,
    "iconEmptyState1": 200,
    "iconLocation1": 215,
    "iconNextMonth1": 196,
    "iconPrevMonth1": 195,
    "Image1": 286,
    "Image1_2": 230,
    "Image1_3": 29,
    "Image1_4": 75,
    "Image2": 54,
    "Image2_10": 231,
    "Image2_11": 4,
    "Image2_12": 30,
    "Image2_13": 23,
    "Image2_14": 76,
    "Image2_15": 155,
    "Image2_16": 10,
    "Image2_4": 139,
    "Image2_5": 183,
    "Image2_6": 222,
    "Image2_7": 250,
    "Image2_8": 281,
    "Image2_9": 112,
    "Image3": 240,
    "Label1": 259,
    "Label10": 17,
    "Label10_1": 18,
    "Label10_2": 292,
    "Label11": 118,
    "Label12": 119,
    "Label13": 121,
    "Label14": 120,
    "Label15": 122,
    "Label16": 130,
    "Label17": 140,
    "Label18": 129,
    "Label2": 262,
    "Label20": 167,
    "Label3": 264,
    "Label4": 131,
    "Label4_1": 133,
    "Label5": 82,
    "Label5_1": 80,
    "Label6": 267,
    "Label6_1": 261,
    "Label7": 272,
    "Label8": 148,
    "Label8_1": 149,
    "Label9": 135,
    "LblAppName2": 188,
    "LblCalendarEventsHeader1": 208,
    "LblEmptyState1": 206,
    "LblMonthSelected1": 194,
    "LblNoEvents1": 218,
    "LblResetToday1": 192,
    "Legend1": 166,
    "Legend1_1": 174,
    "Legend3": 177,
    "LoginBtn": 136,
    "LoginPg": 127,
    "ManagerID_DataCard1": 46,
    "MonthDayGallery1": 201,
    "Name_DataCard1": 41,
    "Navbar": 3,
    "Navbar v1": 20,
    "NavbarHomePg": 228,
    "NavbarRequestsHomePg_2": 247,
    "NavbarRequestsHomePg_4": 38,
    "NavbarRequestsHomePg_5": 109,
    "NavbarRequestsHomePg_6": 170,
    "NavbarRequestsPg": 277,
    "NavbarTimetablePg": 219,
    "NavbarUserProfilePg": 152,
    "NextArrow3": 242,
    "Password_DataCard1": 63,
    "PasswordTxt": 134,
    "PieChart1": 165,
    "PieChart1_1": 173,
    "PopUpCt": 278,
    "PowerBI2": 299,
    "PowerBITesting": 28,
    "ProfileIconImg": 249,
    "ProfileIconImg_1": 221,
    "ProfileIconImg_2": 182,
    "ProfileIconImg_3": 111,
    "ProfileIconImg_5": 22,
    "ProfileImgUP": 144,
    "ProfilePicture_DataCard1": 51,
    "Rectangle1": 16,
    "Rectangle1_1": 290,
    "Rectangle1_10": 234,
    "Rectangle1_12": 33,
    "Rectangle1_13": 21,
    "Rectangle1_14": 79,
    "Rectangle1_15": 158,
    "Rectangle1_4": 142,
    "Rectangle1_5": 186,
    "Rectangle1_6": 225,
    "Rectangle1_7": 253,
    "Rectangle1_9": 115,
    "Rectangle2": 211,
    "Rectangle3": 284,
    "Rectangle4": 163,
    "Rectangle5": 258,
    "Rectangle6": 154,
    "RectCalendarEventsHeader1": 207,
    "RectQuickActionBar2": 187,
    "RemainingDaysOffLbl": 268,
    "RequestDetails": 83,
    "RequestsApprovalPgMr": 74,
    "RequestsBtn": 26,
    "RequestsHomePg": 279,
    "RequestsPg": 248,
    "RequestsPgMr": 229,
    "RequestTypeDD": 254,
    "RequestTypeID_DataCard2": 84,
    "Role_DataCard2": 68,
    "SendBtn": 274,
    "Separator1": 123,
    "Separator3": 244,
    "Separator4": 217,
    "Spacer": 257,
    "StartDate_DataCard2": 95,
    "StartDateDP": 260,
    "StarVisible1": 42,
    "StarVisible10": 91,
    "StarVisible2": 47,
    "StarVisible3": 52,
    "StarVisible4": 59,
    "StarVisible5": 64,
    "StarVisible7": 69,
    "StarVisible9": 102,
    "StatsBtn": 27,
    "Subcircle1": 204,
    "Subtitle3": 216,
    "Subtitle4": 241,
    "TimetablePg": 181,
    "Title1": 164,
    "Title1_1": 172,
    "Title3": 175,
    "Title4": 199,
    "Title5": 203,
    "Title6": 213,
    "Title7": 239,
    "UploadedFile": 270,
    "UsernameTxt": 132,
    "UserProfilePg": 137,
    "WeekdayGallery1": 197,
    "WorkFromHomeCB": 269
  },
  "FunctionParamsInvariantScripts": {},
  "FunctionParamsInvariantScriptsOnInstances": {},
  "HeaderLastSavedDateTimeUTC": "03/15/2023 16:45:15",
  "IsLegacyComponentAllowGlobalScopeCase": false,
  "LocalConnectionIDReferences": {
    "4b048dcf-19b0-44cf-8fbe-07955aaed361": "\"/providers/microsoft.powerapps/apis/shared_commondataserviceforapps/connections/shared-commondataser-601637e7-4deb-456c-897d-188f34f2b499\"",
    "4b2b77fe-e040-44f1-8178-64eabc6efb5d": "\"/providers/microsoft.powerapps/apis/shared_logicflows/connections/70f7090c-b861-4433-b1ca-70c9259b4b03\"",
    "7e605f12-5575-4578-9e5e-9f7c9fc0cad6": "\"/providers/microsoft.powerapps/apis/shared_powerbi/connections/shared-powerbi-4e248fa8-bb14-4e1f-b8e8-5bc932cca412\"",
    "ae332409-6dd6-4549-8135-22480bec15d2": "\"/providers/microsoft.powerapps/apis/shared_office365/connections/4157677d8387416eb6f70e7df120d70a\"",
    "b00575fc-7873-4672-aa1d-d3d772437d42": "\"/providers/microsoft.powerapps/apis/shared_logicflows/connections/e965c7a9-ff68-406a-8e92-3780253a45a7\"",
    "db2b07ac-f05b-41b2-9ab9-d50e3a1e1137": "\"/providers/microsoft.powerapps/apis/shared_logicflows/connections/361dd3e855a24bd19665d06283588139-e92a023f0a2f6201\""
  },
  "LocalDatabaseReferencesAsEmpty": false,
  "LocalResourceFileNames": {
    "1198884": "45f52f98-43fd-4c15-bcab-36abfb7f6b41.png",
    "1946488": "f3c86a05-0226-4007-b1a9-b0b0e1b9b9fe.png",
    "680-6800118_home-icon-png-white-home-button-icon-white": "b5599a5a-b784-45b9-bb7d-7fdfc5bae76c.png",
    "maple-leaf-Background": "95120746-e098-4838-a6fa-4401385b9108.png",
    "white-home-icon-png-21": "6360df1d-695b-4621-bc34-8c247849cd41.jpg"
  },
  "LocalResourceRootPaths": {
    "1198884": "https://docserverpwaprodweu.blob.core.windows.net/f6f9fd8b-a716-42c8-9603-4e2f64011afe-1/resource/Assets0Images045f52f98-43fd-4c15-bcab-36abfb7f6b41.png?sv=2018-03-28&sr=b&sig=h65GKuz7rcCNqvqz5SpL59NlTjsZugmoronhyBZj2qc%3D&spr=https&se=2023-03-16T16%3A56%3A16Z&sp=r",
    "1946488": "https://docserverpwaprodweu.blob.core.windows.net/f6f9fd8b-a716-42c8-9603-4e2f64011afe-1/resource/Assets0Images0f3c86a05-0226-4007-b1a9-b0b0e1b9b9fe.png?sv=2018-03-28&sr=b&sig=nLxYe3003hHQLzQ2qjpGt0EOQPfpYuszgQe7%2FxbNvdA%3D&spr=https&se=2023-03-16T16%3A56%3A16Z&sp=r",
    "680-6800118_home-icon-png-white-home-button-icon-white": "https://docserverpwaprodweu.blob.core.windows.net/f6f9fd8b-a716-42c8-9603-4e2f64011afe-1/resource/Assets0Images0b5599a5a-b784-45b9-bb7d-7fdfc5bae76c.png?sv=2018-03-28&sr=b&sig=uN5RIt5hT2UEEL6Vfj0ZfuaUiEvVT4LsO1VYdPmhiMo%3D&spr=https&se=2023-03-16T16%3A56%3A16Z&sp=r",
    "maple-leaf-Background": "https://docserverpwaprodweu.blob.core.windows.net/f6f9fd8b-a716-42c8-9603-4e2f64011afe-1/resource/Assets0Images095120746-e098-4838-a6fa-4401385b9108.png?sv=2018-03-28&sr=b&sig=k6AohBdq4BK2T1VPFUiySXpdr27Ue2RmaK3IrFjWSOo%3D&spr=https&se=2023-03-16T16%3A56%3A16Z&sp=r",
    "white-home-icon-png-21": "https://docserverpwaprodweu.blob.core.windows.net/f6f9fd8b-a716-42c8-9603-4e2f64011afe-1/resource/Assets0Images06360df1d-695b-4621-bc34-8c247849cd41.jpg?sv=2018-03-28&sr=b&sig=0qLarPerkQqFzHNUlYrfR5tYI7FHU12sKiYIHtEntfc%3D&spr=https&se=2023-03-16T16%3A56%3A16Z&sp=r"
  },
  "OrderComponentMetadata": {
    "0062d4c832c742499568ea8c551f9257": 2,
    "59b29bdd146543b98cf2815d8602783e": 4,
    "a10b32bac31f46d7bed495c11cb4ff4a": 3,
    "da6ead2c314945bba494456df563ec64": 1,
    "f187cb0f274240a990febe852120aa5f": 0
  },
  "OrderComponentTemplate": {
    "0062d4c832c742499568ea8c551f9257": 2,
    "59b29bdd146543b98cf2815d8602783e": 4,
    "a10b32bac31f46d7bed495c11cb4ff4a": 3,
    "da6ead2c314945bba494456df563ec64": 1,
    "f187cb0f274240a990febe852120aa5f": 0
  },
  "OrderDataSource": {
    "ColumnChartSample": 39,
    "ComboBoxSample": 34,
    "CustomGallerySample": 27,
    "DropDownSample": 30,
    "EmployeeTBLS": 32,
    "EmployeeTBLS\\cref9_employeetbl_statecode": 12,
    "EmployeeTBLS\\cref9_employeetbl_statuscode": 13,
    "EmployeeTBLS\\default.cds_cref9_employeetbl_views": 23,
    "EmployeeTimetableTBLS_1": 35,
    "EmployeeTimetableTBLS_1\\cref9_employeetimetabletbl_statecode": 16,
    "EmployeeTimetableTBLS_1\\cref9_employeetimetabletbl_statuscode": 17,
    "EmployeeTimetableTBLS_1\\default.cds_cref9_employeetimetabletbl_views": 25,
    "LegendSample": 38,
    "MyCalendarEvents": 40,
    "Office365Outlook": 0,
    "PieChartSample": 37,
    "RefreshStats": 2,
    "RequestsTBLS": 28,
    "RequestsTBLS\\cref9_requeststbl_cref9_workfromhome": 4,
    "RequestsTBLS\\cref9_requeststbl_statecode": 6,
    "RequestsTBLS\\cref9_requeststbl_statuscode": 7,
    "RequestsTBLS\\default.cds_cref9_requeststbl_views": 20,
    "RequestsTBLS\\field_security_permission_type": 5,
    "RequestTypeTBLS": 29,
    "RequestTypeTBLS\\cref9_requesttype_statecode": 8,
    "RequestTypeTBLS\\cref9_requesttype_statuscode": 9,
    "RequestTypeTBLS\\default.cds_cref9_requesttype_views": 21,
    "RoleTBLS": 36,
    "RoleTBLS\\cref9_roletbl_statecode": 18,
    "RoleTBLS\\cref9_roletbl_statuscode": 19,
    "RoleTBLS\\default.cds_cref9_roletbl_views": 26,
    "SendRequestFlow": 1,
    "TestFlow": 3,
    "TrialTBLS": 31,
    "TrialTBLS\\cref9_trialtbl_statecode": 10,
    "TrialTBLS\\cref9_trialtbl_statuscode": 11,
    "TrialTBLS\\default.cds_cref9_trialtbl_views": 22,
    "UserAccountsTBLS": 33,
    "UserAccountsTBLS\\cref9_useraccountstbl_statecode": 14,
    "UserAccountsTBLS\\cref9_useraccountstbl_statuscode": 15,
    "UserAccountsTBLS\\default.cds_cref9_useraccountstbl_views": 24
  },
  "OrderGroupControls": {
    "Clock-InPopUpRequestsHomePg": {
      "Icon2_1": 3,
      "Icon3": 0,
      "Label10_2": 2,
      "Rectangle1_1": 1
    },
    "CompositeColumnChart1": {
      "ColumnChart1": 1,
      "Legend3": 2,
      "Title3": 0
    },
    "CompositePieChart1": {
      "Legend1": 2,
      "PieChart1": 1,
      "Title1": 0
    },
    "CompositePieChart1_1": {
      "Legend1_1": 2,
      "PieChart1_1": 1,
      "Title1_1": 0
    },
    "DatesCt": {
      "EndDateDP": 3,
      "Label1": 4,
      "Label6": 2,
      "Label6_1": 1,
      "StartDateDP": 0
    },
    "DoctorsCertCt": {
      "FileUpload": 1,
      "Label7": 2,
      "UploadedFile": 0
    },
    "Group1": {
      "Label5": 0,
      "Label5_1": 1
    },
    "Group2": {
      "Button1_12": 5,
      "Button2_12": 2,
      "Button3_12": 1,
      "Button3_20": 0,
      "Icon2_12": 4,
      "Image2_8": 3
    },
    "Group3": {
      "Button1_13": 0,
      "Button2_13": 2,
      "Button3_13": 1,
      "Icon2_13": 3,
      "Image2_9": 5,
      "ProfileIconImg_3": 6,
      "Rectangle1_9": 4
    },
    "NavbarHomePg": {
      "Button1_10": 6,
      "Button2_10": 5,
      "Button3_10": 3,
      "Icon2_10": 4,
      "Image2_6": 2,
      "ProfileIconImg_1": 1,
      "Rectangle1_6": 0
    },
    "NavbarRequestsHomePg_2": {
      "Button1_14": 0,
      "Button2_14": 2,
      "Button3_14": 1,
      "Icon2_14": 3,
      "Image2_10": 5,
      "Rectangle1_10": 4
    },
    "NavbarRequestsHomePg_4": {
      "Button1_16": 0,
      "Button2_16": 2,
      "Button3_16": 1,
      "Icon2_16": 3,
      "Image2_12": 5,
      "Rectangle1_12": 4
    },
    "NavbarRequestsHomePg_5": {
      "Button1_18": 0,
      "Button2_18": 2,
      "Button3_24": 1,
      "Icon2_18": 3,
      "Image2_14": 5,
      "Rectangle1_14": 4
    },
    "NavbarRequestsHomePg_6": {
      "Button1_19": 0,
      "Button2_19": 2,
      "Button3_25": 1,
      "Icon2_19": 3,
      "Image2_15": 5,
      "Rectangle1_15": 4
    },
    "NavbarRequestsPg": {
      "Button1_11": 0,
      "Button2_11": 2,
      "Button3_11": 1,
      "Icon2_11": 3,
      "Image2_7": 5,
      "Rectangle1_7": 4
    },
    "NavbarTimetablePg": {
      "Button1_9": 0,
      "Button2_9": 2,
      "Button3_9": 1,
      "Icon2_9": 3,
      "Image2_5": 5,
      "Rectangle1_5": 4
    },
    "NavbarUserProfilePg": {
      "Button1_8": 0,
      "Button2_8": 2,
      "Button3_8": 1,
      "Icon2_8": 3,
      "Image2_4": 5,
      "Rectangle1_4": 4
    },
    "PopUpCt": {
      "Icon1": 2,
      "Label2": 0,
      "Rectangle5": 1
    }
  },
  "OrderPcfTemplate": {},
  "OrderTemplate": {},
  "OrderXMLTemplate": {
    "addMedia": 8,
    "attachments": 10,
    "barChart": 16,
    "button": 2,
    "checkbox": 19,
    "circle": 12,
    "combobox": 9,
    "datepicker": 17,
    "dropdown": 13,
    "form": 5,
    "gallery": 11,
    "groupContainer": 18,
    "icon": 1,
    "image": 0,
    "label": 6,
    "legend": 15,
    "pieChart": 14,
    "powerbi": 4,
    "rectangle": 3,
    "text": 7
  },
  "OverridablePropertiesEntry": {
    "AddEmployeeFormPgMr": {},
    "AddPicture1": {},
    "AdminNavbar": {},
    "AllRequestsGallery": {},
    "App": {},
    "Approved_DataCard2": {},
    "ApproveFilterBtn": {},
    "BackgroundRectangle": {},
    "Body2": {},
    "Body4": {},
    "Button1": {},
    "Button1_10": {},
    "Button1_11": {},
    "Button1_12": {},
    "Button1_13": {},
    "Button1_14": {},
    "Button1_15": {},
    "Button1_16": {},
    "Button1_17": {},
    "Button1_18": {},
    "Button1_19": {},
    "Button1_8": {},
    "Button1_9": {},
    "Button2": {},
    "Button2_10": {},
    "Button2_11": {},
    "Button2_12": {},
    "Button2_13": {},
    "Button2_14": {},
    "Button2_15": {},
    "Button2_16": {},
    "Button2_17": {},
    "Button2_18": {},
    "Button2_19": {},
    "Button2_8": {},
    "Button2_9": {},
    "Button3": {},
    "Button3_10": {},
    "Button3_11": {},
    "Button3_12": {},
    "Button3_13": {},
    "Button3_14": {},
    "Button3_15": {},
    "Button3_16": {},
    "Button3_17": {},
    "Button3_18": {},
    "Button3_19": {},
    "Button3_20": {},
    "Button3_23": {},
    "Button3_24": {},
    "Button3_25": {},
    "Button3_8": {},
    "Button3_9": {},
    "Button4": {},
    "Button4_1": {},
    "Button5": {},
    "Button6": {},
    "Button7": {},
    "CalendarEventsGallery1": {},
    "ChatBot": {},
    "ChatBot_1": {},
    "Circle1": {},
    "Circle2": {},
    "Circle2_1": {},
    "Clock-InPopUpExperiment": {},
    "Clock-InPopUpRequestsHomePg": {},
    "ColumnChart1": {},
    "CompositeColumnChart1": {},
    "CompositePieChart1": {},
    "CompositePieChart1_1": {},
    "DataCardKey1": {},
    "DataCardKey10": {},
    "DataCardKey11": {},
    "DataCardKey12": {},
    "DataCardKey13": {},
    "DataCardKey15": {},
    "DataCardKey3": {},
    "DataCardKey4": {},
    "DataCardKey5": {},
    "DataCardKey7": {},
    "DataCardKey8": {},
    "DataCardKey9": {},
    "DataCardValue1": {},
    "DataCardValue10": {},
    "DataCardValue11": {},
    "DataCardValue12": {},
    "DataCardValue14": {},
    "DataCardValue3": {},
    "DataCardValue4": {},
    "DataCardValue6": {},
    "DataCardValue7": {},
    "DataCardValue8": {},
    "DataCardValue9": {},
    "DatesCt": {},
    "Description1": {},
    "Details_DataCard2": {},
    "DetailsET": {},
    "DoctorsCertCt": {},
    "Document_DataCard2": {},
    "dropdownCalendarSelection1": {},
    "Email_DataCard1": {},
    "EmployeeDropdownMenu": {},
    "EmployeeEmailLbl": {},
    "EmployeeRequestsGallery": {},
    "EmployeeRequestsPg": {},
    "EmployeeStatisticsPg": {},
    "EmployeeStatsBI": {},
    "EndDate_DataCard2": {},
    "EndDateDP": {},
    "ErrorMessage1": {},
    "ErrorMessage10": {},
    "ErrorMessage2": {},
    "ErrorMessage3": {},
    "ErrorMessage4": {},
    "ErrorMessage5": {},
    "ErrorMessage7": {},
    "ErrorMessage9": {},
    "FileUpload": {},
    "Form1": {},
    "Form2": {},
    "galleryTemplate1": {},
    "galleryTemplate2": {},
    "galleryTemplate3": {},
    "galleryTemplate4": {},
    "galleryTemplate5": {},
    "GeneralCt": {},
    "GlobalStatisticsPgMr": {},
    "Group1": {},
    "Group2": {},
    "Group3": {},
    "HomeBtn": {},
    "HomePg": {},
    "Icon1": {},
    "Icon2": {},
    "Icon2_1": {},
    "Icon2_10": {},
    "Icon2_11": {},
    "Icon2_12": {},
    "Icon2_13": {},
    "Icon2_14": {},
    "Icon2_15": {},
    "Icon2_16": {},
    "Icon2_17": {},
    "Icon2_18": {},
    "Icon2_19": {},
    "Icon2_20": {},
    "Icon2_8": {},
    "Icon2_9": {},
    "Icon3": {},
    "iconCalendar1": {},
    "iconEmptyState1": {},
    "iconLocation1": {},
    "iconNextMonth1": {},
    "iconPrevMonth1": {},
    "Image1": {},
    "Image1_2": {},
    "Image1_3": {},
    "Image1_4": {},
    "Image2": {},
    "Image2_10": {},
    "Image2_11": {},
    "Image2_12": {},
    "Image2_13": {},
    "Image2_14": {},
    "Image2_15": {},
    "Image2_16": {},
    "Image2_4": {},
    "Image2_5": {},
    "Image2_6": {},
    "Image2_7": {},
    "Image2_8": {},
    "Image2_9": {},
    "Image3": {},
    "Label1": {},
    "Label10": {},
    "Label10_1": {},
    "Label10_2": {},
    "Label11": {},
    "Label12": {},
    "Label13": {},
    "Label14": {},
    "Label15": {},
    "Label16": {},
    "Label17": {},
    "Label18": {},
    "Label2": {},
    "Label20": {},
    "Label3": {},
    "Label4": {},
    "Label4_1": {},
    "Label5": {},
    "Label5_1": {},
    "Label6": {},
    "Label6_1": {},
    "Label7": {},
    "Label8": {},
    "Label8_1": {},
    "Label9": {},
    "LblAppName2": {},
    "LblCalendarEventsHeader1": {},
    "LblEmptyState1": {},
    "LblMonthSelected1": {},
    "LblNoEvents1": {},
    "LblResetToday1": {},
    "Legend1": {},
    "Legend1_1": {},
    "Legend3": {},
    "LoginBtn": {},
    "LoginPg": {},
    "ManagerID_DataCard1": {},
    "MonthDayGallery1": {},
    "Name_DataCard1": {},
    "Navbar": {},
    "Navbar v1": {},
    "NavbarHomePg": {},
    "NavbarRequestsHomePg_2": {},
    "NavbarRequestsHomePg_4": {},
    "NavbarRequestsHomePg_5": {},
    "NavbarRequestsHomePg_6": {},
    "NavbarRequestsPg": {},
    "NavbarTimetablePg": {},
    "NavbarUserProfilePg": {},
    "NextArrow3": {},
    "Password_DataCard1": {},
    "PasswordTxt": {},
    "PieChart1": {},
    "PieChart1_1": {},
    "PopUpCt": {},
    "PowerBI2": {},
    "PowerBITesting": {},
    "ProfileIconImg": {},
    "ProfileIconImg_1": {},
    "ProfileIconImg_2": {},
    "ProfileIconImg_3": {},
    "ProfileIconImg_5": {},
    "ProfileImgUP": {},
    "ProfilePicture_DataCard1": {},
    "Rectangle1": {},
    "Rectangle1_1": {},
    "Rectangle1_10": {},
    "Rectangle1_12": {},
    "Rectangle1_13": {},
    "Rectangle1_14": {},
    "Rectangle1_15": {},
    "Rectangle1_4": {},
    "Rectangle1_5": {},
    "Rectangle1_6": {},
    "Rectangle1_7": {},
    "Rectangle1_9": {},
    "Rectangle2": {},
    "Rectangle3": {},
    "Rectangle4": {},
    "Rectangle5": {},
    "Rectangle6": {},
    "RectCalendarEventsHeader1": {},
    "RectQuickActionBar2": {},
    "RemainingDaysOffLbl": {},
    "RequestDetails": {},
    "RequestsApprovalPgMr": {},
    "RequestsBtn": {},
    "RequestsHomePg": {},
    "RequestsPg": {},
    "RequestsPgMr": {},
    "RequestTypeDD": {},
    "RequestTypeID_DataCard2": {},
    "Role_DataCard2": {},
    "SendBtn": {},
    "Separator1": {},
    "Separator3": {},
    "Separator4": {},
    "Spacer": {},
    "StartDate_DataCard2": {},
    "StartDateDP": {},
    "StarVisible1": {},
    "StarVisible10": {},
    "StarVisible2": {},
    "StarVisible3": {},
    "StarVisible4": {},
    "StarVisible5": {},
    "StarVisible7": {},
    "StarVisible9": {},
    "StatsBtn": {},
    "Subcircle1": {},
    "Subtitle3": {},
    "Subtitle4": {},
    "TimetablePg": {},
    "Title1": {},
    "Title1_1": {},
    "Title3": {},
    "Title4": {},
    "Title5": {},
    "Title6": {},
    "Title7": {},
    "UploadedFile": {},
    "UsernameTxt": {},
    "UserProfilePg": {},
    "WeekdayGallery1": {},
    "WorkFromHomeCB": {}
  },
  "PCFDynamicSchemaForIRRetrievalEntry": {},
  "PublishOrderIndices": {
    "AddEmployeeFormPgMr": 0,
    "AddPicture1": 229,
    "AdminNavbar": 0,
    "AllRequestsGallery": 169,
    "App": 0,
    "Approved_DataCard2": 207,
    "ApproveFilterBtn": 167,
    "BackgroundRectangle": 0,
    "Body2": 96,
    "Body4": 175,
    "Button1": 247,
    "Button1_10": 63,
    "Button1_11": 37,
    "Button1_12": 14,
    "Button1_13": 117,
    "Button1_14": 168,
    "Button1_15": 271,
    "Button1_16": 158,
    "Button1_17": 276,
    "Button1_18": 187,
    "Button1_19": 143,
    "Button1_8": 125,
    "Button1_9": 73,
    "Button2": 132,
    "Button2_10": 61,
    "Button2_11": 34,
    "Button2_12": 12,
    "Button2_13": 107,
    "Button2_14": 165,
    "Button2_15": 270,
    "Button2_16": 155,
    "Button2_17": 275,
    "Button2_18": 184,
    "Button2_19": 139,
    "Button2_8": 123,
    "Button2_9": 69,
    "Button3": 133,
    "Button3_10": 64,
    "Button3_11": 38,
    "Button3_12": 17,
    "Button3_13": 118,
    "Button3_14": 177,
    "Button3_15": 272,
    "Button3_16": 159,
    "Button3_17": 178,
    "Button3_18": 160,
    "Button3_19": 277,
    "Button3_20": 18,
    "Button3_23": 213,
    "Button3_24": 212,
    "Button3_25": 144,
    "Button3_8": 128,
    "Button3_9": 74,
    "Button4": 24,
    "Button4_1": 25,
    "Button5": 129,
    "Button6": 150,
    "Button7": 256,
    "CalendarEventsGallery1": 93,
    "ChatBot": 0,
    "ChatBot_1": 26,
    "Circle1": 89,
    "Circle2": 16,
    "Circle2_1": 127,
    "Clock-InPopUpExperiment": 0,
    "Clock-InPopUpRequestsHomePg": 20,
    "ColumnChart1": 254,
    "CompositeColumnChart1": 251,
    "CompositePieChart1": 138,
    "CompositePieChart1_1": 250,
    "DataCardKey1": 217,
    "DataCardKey10": 194,
    "DataCardKey11": 198,
    "DataCardKey12": 202,
    "DataCardKey13": 205,
    "DataCardKey15": 244,
    "DataCardKey3": 222,
    "DataCardKey4": 227,
    "DataCardKey5": 234,
    "DataCardKey7": 239,
    "DataCardKey8": 209,
    "DataCardKey9": 191,
    "DataCardValue1": 218,
    "DataCardValue10": 203,
    "DataCardValue11": 206,
    "DataCardValue12": 240,
    "DataCardValue14": 245,
    "DataCardValue3": 223,
    "DataCardValue4": 235,
    "DataCardValue6": 210,
    "DataCardValue7": 192,
    "DataCardValue8": 195,
    "DataCardValue9": 199,
    "DatesCt": 31,
    "Description1": 98,
    "Details_DataCard2": 193,
    "DetailsET": 47,
    "DoctorsCertCt": 32,
    "Document_DataCard2": 196,
    "dropdownCalendarSelection1": 75,
    "Email_DataCard1": 232,
    "EmployeeDropdownMenu": 141,
    "EmployeeEmailLbl": 142,
    "EmployeeRequestsGallery": 109,
    "EmployeeRequestsPg": 0,
    "EmployeeStatisticsPg": 0,
    "EmployeeStatsBI": 157,
    "EndDate_DataCard2": 204,
    "EndDateDP": 48,
    "ErrorMessage1": 219,
    "ErrorMessage10": 200,
    "ErrorMessage2": 224,
    "ErrorMessage3": 230,
    "ErrorMessage4": 236,
    "ErrorMessage5": 241,
    "ErrorMessage7": 246,
    "ErrorMessage9": 211,
    "FileUpload": 53,
    "Form1": 214,
    "Form2": 231,
    "galleryTemplate1": 170,
    "galleryTemplate2": 110,
    "galleryTemplate3": 82,
    "galleryTemplate4": 86,
    "galleryTemplate5": 94,
    "GeneralCt": 45,
    "GlobalStatisticsPgMr": 0,
    "Group1": 183,
    "Group2": 9,
    "Group3": 106,
    "HomeBtn": 265,
    "HomePg": 0,
    "Icon1": 55,
    "Icon2": 260,
    "Icon2_1": 23,
    "Icon2_10": 59,
    "Icon2_11": 29,
    "Icon2_12": 11,
    "Icon2_13": 105,
    "Icon2_14": 163,
    "Icon2_15": 269,
    "Icon2_16": 153,
    "Icon2_17": 264,
    "Icon2_18": 181,
    "Icon2_19": 136,
    "Icon2_20": 274,
    "Icon2_8": 119,
    "Icon2_9": 67,
    "Icon3": 21,
    "iconCalendar1": 77,
    "iconEmptyState1": 84,
    "iconLocation1": 99,
    "iconNextMonth1": 80,
    "iconPrevMonth1": 79,
    "Image1": 15,
    "Image1_2": 161,
    "Image1_3": 151,
    "Image1_4": 179,
    "Image2": 228,
    "Image2_10": 162,
    "Image2_11": 268,
    "Image2_12": 152,
    "Image2_13": 263,
    "Image2_14": 180,
    "Image2_15": 135,
    "Image2_16": 273,
    "Image2_4": 120,
    "Image2_5": 66,
    "Image2_6": 58,
    "Image2_7": 28,
    "Image2_8": 10,
    "Image2_9": 104,
    "Image3": 172,
    "Label1": 41,
    "Label10": 258,
    "Label10_1": 259,
    "Label10_2": 22,
    "Label11": 111,
    "Label12": 112,
    "Label13": 114,
    "Label14": 113,
    "Label15": 115,
    "Label16": 2,
    "Label17": 121,
    "Label18": 1,
    "Label2": 44,
    "Label20": 149,
    "Label3": 46,
    "Label4": 3,
    "Label4_1": 5,
    "Label5": 188,
    "Label5_1": 186,
    "Label6": 49,
    "Label6_1": 43,
    "Label7": 54,
    "Label8": 130,
    "Label8_1": 131,
    "Label9": 7,
    "LblAppName2": 72,
    "LblCalendarEventsHeader1": 92,
    "LblEmptyState1": 90,
    "LblMonthSelected1": 78,
    "LblNoEvents1": 102,
    "LblResetToday1": 76,
    "Legend1": 148,
    "Legend1_1": 252,
    "Legend3": 255,
    "LoginBtn": 8,
    "LoginPg": 0,
    "ManagerID_DataCard1": 220,
    "MonthDayGallery1": 85,
    "Name_DataCard1": 215,
    "Navbar": 0,
    "Navbar v1": 0,
    "NavbarHomePg": 60,
    "NavbarRequestsHomePg_2": 164,
    "NavbarRequestsHomePg_4": 154,
    "NavbarRequestsHomePg_5": 182,
    "NavbarRequestsHomePg_6": 137,
    "NavbarRequestsPg": 30,
    "NavbarTimetablePg": 68,
    "NavbarUserProfilePg": 122,
    "NextArrow3": 174,
    "Password_DataCard1": 237,
    "PasswordTxt": 6,
    "PieChart1": 147,
    "PieChart1_1": 249,
    "PopUpCt": 33,
    "PowerBI2": 278,
    "PowerBITesting": 0,
    "ProfileIconImg": 27,
    "ProfileIconImg_1": 57,
    "ProfileIconImg_2": 65,
    "ProfileIconImg_3": 103,
    "ProfileIconImg_5": 262,
    "ProfileImgUP": 126,
    "ProfilePicture_DataCard1": 225,
    "Rectangle1": 257,
    "Rectangle1_1": 19,
    "Rectangle1_10": 166,
    "Rectangle1_12": 156,
    "Rectangle1_13": 261,
    "Rectangle1_14": 185,
    "Rectangle1_15": 140,
    "Rectangle1_4": 124,
    "Rectangle1_5": 70,
    "Rectangle1_6": 62,
    "Rectangle1_7": 35,
    "Rectangle1_9": 108,
    "Rectangle2": 95,
    "Rectangle3": 13,
    "Rectangle4": 145,
    "Rectangle5": 40,
    "Rectangle6": 134,
    "RectCalendarEventsHeader1": 91,
    "RectQuickActionBar2": 71,
    "RemainingDaysOffLbl": 50,
    "RequestDetails": 189,
    "RequestsApprovalPgMr": 0,
    "RequestsBtn": 266,
    "RequestsHomePg": 0,
    "RequestsPg": 0,
    "RequestsPgMr": 0,
    "RequestTypeDD": 36,
    "RequestTypeID_DataCard2": 190,
    "Role_DataCard2": 242,
    "SendBtn": 56,
    "Separator1": 116,
    "Separator3": 176,
    "Separator4": 101,
    "Spacer": 39,
    "StartDate_DataCard2": 201,
    "StartDateDP": 42,
    "StarVisible1": 216,
    "StarVisible10": 197,
    "StarVisible2": 221,
    "StarVisible3": 226,
    "StarVisible4": 233,
    "StarVisible5": 238,
    "StarVisible7": 243,
    "StarVisible9": 208,
    "StatsBtn": 267,
    "Subcircle1": 88,
    "Subtitle3": 100,
    "Subtitle4": 173,
    "TimetablePg": 0,
    "Title1": 146,
    "Title1_1": 248,
    "Title3": 253,
    "Title4": 83,
    "Title5": 87,
    "Title6": 97,
    "Title7": 171,
    "UploadedFile": 52,
    "UsernameTxt": 4,
    "UserProfilePg": 0,
    "WeekdayGallery1": 81,
    "WorkFromHomeCB": 51
  },
  "ResourcesJsonIndices": {
    "Image-1198884": 1,
    "Image-1946488": 3,
    "Image-680-6800118_home-icon-png-white-home-button-icon-white": 4,
    "Image-maple-leaf-Background": 2,
    "Image-SampleImage": 0,
    "Image-white-home-icon-png-21": 5
  },
  "RuleScreenIdWithoutScreen": {},
  "TemplateVersions": {},
  "VolatileProperties": {
    "AnalysisLoadTime": 1.3425867,
    "ControlCount": {
      "0062d4c832c742499568ea8c551f9257": 1,
      "59b29bdd146543b98cf2815d8602783e": 2,
      "a10b32bac31f46d7bed495c11cb4ff4a": 1,
      "addMedia": 2,
      "attachments": 1,
      "barChart": 1,
      "button": 54,
      "checkbox": 1,
      "circle": 4,
      "combobox": 2,
      "da6ead2c314945bba494456df563ec64": 1,
      "datepicker": 2,
      "dropdown": 3,
      "f187cb0f274240a990febe852120aa5f": 1,
      "form": 3,
      "gallery": 5,
      "galleryTemplate": 5,
      "group": 18,
      "groupContainer": 1,
      "icon": 23,
      "image": 26,
      "label": 77,
      "legend": 3,
      "pieChart": 2,
      "powerbi": 2,
      "rectangle": 24,
      "screen": 13,
      "text": 7,
      "typedDataCard": 12
    },
    "DeserializationLoadTime": 2.6934109,
    "ErrorCount": 13
  },
  "WasLocalDatabaseReferencesEmpty": false
}