{
  "4b048dcf-19b0-44cf-8fbe-07955aaed361": {
    "connectionParameters": {
      "sku": "Enterprise",
      "token:grantType": "code"
    },
    "connectionRef": {
      "displayName": "Microsoft Dataverse",
      "iconUri": "https://connectoricons-prod.azureedge.net/releases/v1.0.1618/1.0.1618.3179/commondataserviceforapps/icon.png",
      "id": "/providers/microsoft.powerapps/apis/shared_commondataserviceforapps"
    },
    "datasets": {},
    "dataSources": [],
    "dependencies": {},
    "dependents": [
      "db2b07ac-f05b-41b2-9ab9-d50e3a1e1137"
    ],
    "id": "4b048dcf-19b0-44cf-8fbe-07955aaed361"
  },
  "4b2b77fe-e040-44f1-8178-64eabc6efb5d": {
    "connectionParameters": {
      "workFlowCallbackUri": "https://prod-75.westeurope.logic.azure.com:443/workflows/8c673bf96cf94538880347ecb9557231/triggers/manual/paths/invoke?api-version=2016-06-01&sp=%2Ftriggers%2Fmanual%2Frun&sv=1.0&sig=26_AL9NFQdiRHwAF0YMJjQXPa0CJqeFjPunZ3aXxy-Y",
      "workflowEndpoint": "/subscriptions/be4c2756-6fa8-4d1b-91ba-70dc75410b5a/resourceGroups/4785554500bb4800a65fe79104ec0fc4-d54bb275e84f44fd9bcde95c0a426b7b/providers/Microsoft.Logic/workflows/70f7090c-b861-4433-b1ca-70c9259b4b03",
      "workflowName": "70f7090c-b861-4433-b1ca-70c9259b4b03",
      "workflowPath": "/subscriptions/be4c2756-6fa8-4d1b-91ba-70dc75410b5a/resourceGroups/4785554500bb4800a65fe79104ec0fc4-d54bb275e84f44fd9bcde95c0a426b7b/providers/Microsoft.Logic/workflows/70f7090c-b861-4433-b1ca-70c9259b4b03"
    },
    "connectionRef": {
      "displayName": "Logic flows",
      "iconUri": "https://connectoricons-prod.azureedge.net/releases/v1.0.1615/1.0.1615.3163/logicflows/icon.png",
      "id": "/providers/microsoft.powerapps/apis/shared_logicflows",
      "parameterHints": {
        "ae332409-6dd6-4549-8135-22480bec15d2": {
          "value": "shared_office365"
        },
        "workflowEntityId": {},
        "workflowName": {
          "value": "70f7090c-b861-4433-b1ca-70c9259b4b03"
        }
      },
      "parameterHintsV2": {
        "shared_office365": {
          "value": "ae332409-6dd6-4549-8135-22480bec15d2"
        },
        "workflowEntityId": {},
        "workflowName": {
          "value": "70f7090c-b861-4433-b1ca-70c9259b4b03"
        }
      }
    },
    "datasets": {},
    "dataSources": [
      "SendRequestFlow"
    ],
    "dependencies": {
      "shared_office365": "ae332409-6dd6-4549-8135-22480bec15d2"
    },
    "dependents": [],
    "id": "4b2b77fe-e040-44f1-8178-64eabc6efb5d"
  },
  "7e605f12-5575-4578-9e5e-9f7c9fc0cad6": {
    "connectionParameters": {
      "sku": "Enterprise"
    },
    "connectionRef": {
      "displayName": "Power BI",
      "iconUri": "https://connectoricons-prod.azureedge.net/releases/v1.0.1596/1.0.1596.2995/powerbi/icon.png",
      "id": "/providers/microsoft.powerapps/apis/shared_powerbi"
    },
    "datasets": {},
    "dataSources": [],
    "dependencies": {},
    "dependents": [
      "b00575fc-7873-4672-aa1d-d3d772437d42"
    ],
    "id": "7e605f12-5575-4578-9e5e-9f7c9fc0cad6"
  },
  "ae332409-6dd6-4549-8135-22480bec15d2": {
    "connectionParameters": {
      "sku": "Enterprise"
    },
    "connectionRef": {
      "apiTier": "Standard",
      "displayName": "Office 365 Outlook",
      "iconUri": "https://connectoricons-prod.azureedge.net/releases/v1.0.1613/1.0.1613.3125/office365/icon.png",
      "id": "/providers/microsoft.powerapps/apis/shared_office365",
      "parameterHints": {},
      "parameterHintsV2": {}
    },
    "datasets": {},
    "dataSources": [
      "Office365Outlook"
    ],
    "dependencies": {},
    "dependents": [
      "4b2b77fe-e040-44f1-8178-64eabc6efb5d"
    ],
    "id": "ae332409-6dd6-4549-8135-22480bec15d2"
  },
  "b00575fc-7873-4672-aa1d-d3d772437d42": {
    "connectionParameters": {
      "workFlowCallbackUri": "https://prod-40.westeurope.logic.azure.com:443/workflows/75ef99a1baf84f5c88fd047b751ac5b0/triggers/manual/paths/invoke?api-version=2016-06-01&sp=%2Ftriggers%2Fmanual%2Frun&sv=1.0&sig=g1c2wXS7ryrkbmsiwLkygcUboDvQLvrpiV5F-v_NMA8",
      "workflowEndpoint": "/subscriptions/be4c2756-6fa8-4d1b-91ba-70dc75410b5a/resourceGroups/4785554500bb4800a65fe79104ec0fc4-d54bb275e84f44fd9bcde95c0a426b7b/providers/Microsoft.Logic/workflows/e965c7a9-ff68-406a-8e92-3780253a45a7",
      "workflowName": "e965c7a9-ff68-406a-8e92-3780253a45a7",
      "workflowPath": "/subscriptions/be4c2756-6fa8-4d1b-91ba-70dc75410b5a/resourceGroups/4785554500bb4800a65fe79104ec0fc4-d54bb275e84f44fd9bcde95c0a426b7b/providers/Microsoft.Logic/workflows/e965c7a9-ff68-406a-8e92-3780253a45a7"
    },
    "connectionRef": {
      "displayName": "Logic flows",
      "iconUri": "https://connectoricons-prod.azureedge.net/releases/v1.0.1615/1.0.1615.3163/logicflows/icon.png",
      "id": "/providers/microsoft.powerapps/apis/shared_logicflows",
      "parameterHints": {
        "7e605f12-5575-4578-9e5e-9f7c9fc0cad6": {
          "value": "shared_powerbi"
        },
        "workflowEntityId": {},
        "workflowName": {
          "value": "e965c7a9-ff68-406a-8e92-3780253a45a7"
        }
      },
      "parameterHintsV2": {
        "shared_powerbi": {
          "value": "7e605f12-5575-4578-9e5e-9f7c9fc0cad6"
        },
        "workflowEntityId": {},
        "workflowName": {
          "value": "e965c7a9-ff68-406a-8e92-3780253a45a7"
        }
      }
    },
    "datasets": {},
    "dataSources": [
      "RefreshStats"
    ],
    "dependencies": {
      "shared_powerbi": "7e605f12-5575-4578-9e5e-9f7c9fc0cad6"
    },
    "dependents": [],
    "id": "b00575fc-7873-4672-aa1d-d3d772437d42"
  },
  "db2b07ac-f05b-41b2-9ab9-d50e3a1e1137": {
    "connectionParameters": {
      "workFlowCallbackUri": "https://prod-214.westeurope.logic.azure.com:443/workflows/bd9662cd613d4d28ac7ea19adccb973a/triggers/manual/paths/invoke?api-version=2016-06-01&sp=%2Ftriggers%2Fmanual%2Frun&sv=1.0&sig=Aq3ppoavBagrQYTDUlzChfg5Nh74UgXPZjgBfH7RfW4",
      "workflowEndpoint": "/subscriptions/be4c2756-6fa8-4d1b-91ba-70dc75410b5a/resourceGroups/4785554500bb4800a65fe79104ec0fc4-d54bb275e84f44fd9bcde95c0a426b7b/providers/Microsoft.Logic/workflows/361dd3e8-55a2-4bd1-9665-d06283588139",
      "workflowName": "361dd3e8-55a2-4bd1-9665-d06283588139",
      "workflowPath": "/subscriptions/be4c2756-6fa8-4d1b-91ba-70dc75410b5a/resourceGroups/4785554500bb4800a65fe79104ec0fc4-d54bb275e84f44fd9bcde95c0a426b7b/providers/Microsoft.Logic/workflows/361dd3e8-55a2-4bd1-9665-d06283588139"
    },
    "connectionRef": {
      "displayName": "Logic flows",
      "iconUri": "https://connectoricons-prod.azureedge.net/releases/v1.0.1615/1.0.1615.3163/logicflows/icon.png",
      "id": "/providers/microsoft.powerapps/apis/shared_logicflows",
      "parameterHints": {
        "4b048dcf-19b0-44cf-8fbe-07955aaed361": {
          "value": "shared_commondataserviceforapps"
        },
        "workflowEntityId": {},
        "workflowName": {
          "value": "361dd3e8-55a2-4bd1-9665-d06283588139"
        }
      },
      "parameterHintsV2": {
        "shared_commondataserviceforapps": {
          "value": "4b048dcf-19b0-44cf-8fbe-07955aaed361"
        },
        "workflowEntityId": {},
        "workflowName": {
          "value": "361dd3e8-55a2-4bd1-9665-d06283588139"
        }
      }
    },
    "datasets": {},
    "dataSources": [
      "TestFlow"
    ],
    "dependencies": {
      "shared_commondataserviceforapps": "4b048dcf-19b0-44cf-8fbe-07955aaed361"
    },
    "dependents": [],
    "id": "db2b07ac-f05b-41b2-9ab9-d50e3a1e1137"
  }
}