{
  "FormatVersion": "0.24",
  "Header": {
    "DocVersion": "1.330",
    "MinVersionToLoad": "1.327",
    "MSAppStructureVersion": "2.0"
  },
  "Properties": {
    "AppCreationSource": "AppFromScratch",
    "AppDescription": "",
    "AppPreviewFlagsMap": {
      "aibuilderserviceenrollment": false,
      "allowmultiplescreensincanvaspages": false,
      "appinsightserrortracing": false,
      "appinstrumentationcorrelationtracing": false,
      "autocreateenvironmentvariables": false,
      "backfromhostaction": false,
      "behaviorpropertyui": false,
      "blockmovingcontrol": true,
      "cdsdataformatting": false,
      "classiccontrols": false,
      "consistentreturnschemafortabularfunctions": true,
      "copyandmerge": true,
      "datatablev2control": true,
      "dataverseactionsenabled": false,
      "delaycontrolrendering": false,
      "delayloadscreens": true,
      "disablecdsfileandlargeimage": false,
      "disablecommandbar": false,
      "dynamicschema": false,
      "enableactionenhancedcomponentproperties": false,
      "enableappembeddingux": false,
      "enablebarcodereaderfeature": false,
      "enablechatbotfeature": false,
      "enablecomponentnamemaps": false,
      "enablecomponentscopeoldbehavior": false,
      "enableeditcacherefreshfrequency": false,
      "enableexcelonlinebusinessv2connector": true,
      "enableideaspanel": true,
      "enableonstart": true,
      "enableonstartnavigate": false,
      "enablepcfmoderndatasets": true,
      "enablepowerautomatepane": true,
      "enablerowscopeonetonexpand": false,
      "enablerpawarecomponentdependency": true,
      "enablerulespanel": false,
      "enableruntimepolicies": false,
      "enablesaveloadcleardataonweb": false,
      "enhancedcomponentfunctionproperty": false,
      "enhanceddelegation": true,
      "enhancedgalleryinitialization": true,
      "errorhandling": true,
      "excelcompatibility": false,
      "expandedsavedatasupport": true,
      "exportimportcomponents2": true,
      "externalmessage": false,
      "fluentv9controls": false,
      "formuladataprefetch": true,
      "formularepair": true,
      "generatedebugpublishedapp": false,
      "herocontrols": false,
      "improvedmediacapture": false,
      "improvedtabstopbehavior": false,
      "keeprecentscreensloaded": false,
      "longlivingcache": false,
      "namedformulas": false,
      "nativecdsexperimental": true,
      "optimizedforteamsmeeting": false,
      "packagemodernruntime": false,
      "parallelcodegen": false,
      "pdffunction": false,
      "projectionmapping": true,
      "reactformulabar": false,
      "reliableconcurrent": true,
      "reverttooldpowerautomate": false,
      "rtlinstudiopreview": false,
      "rtlsupport": false,
      "supportcolumnnamesasidentifiers": false,
      "tabledoesntwraprecords": true,
      "untypedobject": false,
      "usedisplaynamemetadata": true,
      "useenforcesavedatalimits": true,
      "useexperimentalcdsconnector": true,
      "useexperimentalsqlconnector": true,
      "useguiddatatypes": true,
      "usenonblockingonstartrule": true,
      "webbarcodescanner": false,
      "zeroalltabindexes": false
    },
    "Author": "",
    "ContainsThirdPartyPcfControls": false,
    "DefaultConnectedDataSourceMaxGetRowsCount": 500,
    "DocumentAppType": "Phone",
    "DocumentLayoutHeight": 1136,
    "DocumentLayoutLockOrientation": false,
    "DocumentLayoutMaintainAspectRatio": true,
    "DocumentLayoutOrientation": "portrait",
    "DocumentLayoutScaleToFit": true,
    "DocumentLayoutWidth": 640,
    "DocumentType": "App",
    "EnableInstrumentation": false,
    "FileID": "ebb227cf-1f05-4251-b4da-3c3467478954",
    "Id": "9e52bd57-6f3a-4a95-a85d-4c7a69054dc5",
    "InstrumentationKey": "",
    "Name": "Project 300",
    "OriginatingVersion": "1.326"
  },
  "PublishInfo": {
    "AppName": "Project 300",
    "BackgroundColor": "RGBA(0,176,240,1)",
    "IconColor": "RGBA(255,255,255,1)",
    "IconName": "Edit",
    "LogoFileName": "",
    "PublishDataLocally": false,
    "PublishResourcesLocally": false,
    "PublishTarget": "player",
    "UserLocale": "en-US"
  },
  "ScreenOrder": [
    "LoginPg",
    "RequestsHomePg",
    "RequestsPg",
    "HomePg",
    "TimetablePg",
    "EmployeeRequestsPg",
    "UserProfilePg",
    "EmployeeStatisticsPg",
    "PowerBITesting",
    "RequestsPgMr",
    "RequestsApprovalPgMr",
    "AddEmployeeFormPgMr",
    "GlobalStatisticsPgMr"
  ]
}