{
  "ComponentAllowCustomization": true,
  "ComponentChangedSinceFileImport": true,
  "ComponentManifest": {
    "AllowAccessToGlobals": true,
    "AllowCustomization": true,
    "Description": "",
    "Name": "Navbar",
    "TemplateGuid": "f187cb0f274240a990febe852120aa5f"
  },
  "ComponentType": "CanvasComponent",
  "CustomGroupControlTemplateName": "",
  "CustomProperties": [],
  "FirstParty": true,
  "Id": "http://microsoft.com/appmagic/Component",
  "IsComponentLocked": false,
  "IsComponentTemplate": true,
  "IsCustomGroupControlTemplate": false,
  "IsPcfControl": false,
  "IsPremiumPcfControl": false,
  "IsWidgetTemplate": false,
  "LastModifiedTimestamp": "638144952769624502",
  "Name": "f187cb0f274240a990febe852120aa5f",
  "OverridableProperties": {},
  "Version": "638138901901265033"
}