<widget xmlns="http://openajax.org/metadata" spec="1.0" id="http://microsoft.com/appmagic/addMedia" name="addMedia" jsClass="AppMagic.Controls.AddMedia" version="2.2.1" styleable="true" runtimeCost="1" xmlns:appMagic="http://schemas.microsoft.com/appMagic">
  <author name="Microsoft AppMagic" />
  <license type="text/html"><![CDATA[<p>TODO:  Need license text here.</p>]]></license>
  <description><![CDATA[Add Media Control description here.]]></description>
  <!-- TASK: 90609: Refactor zip libraries to a common location -->
  <requires>
    <require type="css" src="/ctrllib/common/css/button.css" />
    <require type="css" src="/ctrllib/common/css/fileInput.css" />
    <require type="css" src="css/addMedia.css" />
    <require type="javascript" src="/ctrllib/common/js/button.js" />
    <require type="javascript" src="js/addMedia.js" />
  </requires>
  <appMagic:capabilities contextualViewsEnabled="true" autoBorders="true" autoFill="false" autoFocusedBorders="true" autoPointerViewState="true" autoDisabledViewState="true" isVersionFlexible="true" />
  <appMagic:accessibilityChecks controlIsInteractive="true" />
  <content><![CDATA[
    <div
      class="appmagic-button addmedia-no-media"
      role="button"
      data-bind="
        if: viewState.displayMode() === AppMagic.Constants.DisplayMode.Edit,
        event: {
          click: onClickHandler
        },
        attr: {
          title: properties.Tooltip() || null,
          'aria-hidden': ko.unwrap(showFileInput) ? 'true' : null
        },
        shortcut: {
          provider: shortcutProvider
        },
        visible: !hasMedia(),
        style: {
            fontFamily: properties.Font,
            fontSize: properties.Size,
            color: autoProperties.Color,
            fontWeight: properties.FontWeight,
            fontStyle: properties.Italic,
            textAlign: properties.Align,
            padding: properties.Padding,
            cursor: 'default'
        },
        css: {
            top: properties.VerticalAlign() === 'top',
            middle: properties.VerticalAlign() === 'middle',
            bottom: properties.VerticalAlign() === 'bottom',
            left: properties.Align() === 'left',
            right: properties.Align() === 'right',
            center: properties.Align() === 'center',
            justify: properties.Align() === 'justify',
        }">
        <div class="appmagic-button-label addmedia-add-picture"
              spellcheck="false"
              data-bind="
                text: properties.Text,
                style: {
                  color: autoProperties.Color,
                  backgroundColor: autoProperties.Fill
                },
                css: {
                  underline: properties.Underline,
                  strikethrough: properties.Strikethrough
                }">
        </div>
    </div>
    <div
      class="appmagic-button addmedia-has-media"
      role="button"
      data-bind="
        if: viewState.displayMode() === AppMagic.Constants.DisplayMode.Edit,
        event: {
          click: onClickHandler
        },
        attr: {
          title: properties.Tooltip() || null,
          'aria-hidden': ko.unwrap(showFileInput) ? 'true' : null
        },
        shortcut: { provider: shortcutProvider },
        visible: hasMedia(),
        style: {
            fontFamily: properties.Font,
            fontSize: properties.Size,
            fontWeight: properties.FontWeight,
            fontStyle: properties.Italic,
            textAlign: properties.Align,
            padding: properties.Padding,
            cursor: 'default'
        },
        css: {
            top: properties.VerticalAlign() === 'top',
            middle: properties.VerticalAlign() === 'middle',
            bottom: properties.VerticalAlign() === 'bottom',
            left: properties.Align() === 'left',
            right: properties.Align() === 'right',
            center: properties.Align() === 'center',
            justify: properties.Align() === 'justify',
        }">
        <div class="appmagic-button-label addmedia-change-picture"
            spellcheck="false"
            data-bind="
              text: properties.ChangePictureText,
              style: {
                color: autoProperties.Color,
                backgroundColor: autoProperties.Fill
              },
              css: {
                underline: properties.Underline,
                strikethrough: properties.Strikethrough
              }">
        </div>
    </div>

    <!-- ko if: showFileInput -->
        <input
          class="hidden-mask-file-input"
          type="file"
          accept="image/*"
          data-bind="
            event: {
              click: onClickHandler,
              change: onChangeHandler
            },
            attr: {
              capture: properties.UseMobileCamera && properties.UseMobileCamera() ? 'environment' : undefined,
              title: properties.Tooltip() || null,
              'aria-label': (properties.AccessibleLabel() ? properties.AccessibleLabel() + ' . ' : '') + (hasMedia() ? properties.ChangePictureText() : properties.Text()),
              disabled: viewState.displayMode() !== AppMagic.Constants.DisplayMode.Edit
            },
            style: {
              cursor: 'pointer'
            },
            visible: viewState.displayMode() === AppMagic.Constants.DisplayMode.Edit
          "></input>
    <!-- /ko -->
  ]]></content>
  <properties>
    <property name="UseMobileCamera" localizedName="##AddMedia_UseMobileCamera##" datatype="Boolean" defaultValue="false" direction="in">
      <title>Use mobile camera</title>
      <appMagic:category>data</appMagic:category>
      <appMagic:displayName>##AddMedia_UseMobileCamera_DisplayName##</appMagic:displayName>
      <appMagic:tooltip>##AddMedia_UseMobileCamera_Tooltip##</appMagic:tooltip>
    </property>
    <!--Bug 5147587: Revisit if the properties of PlaceholderText and ChangePictureText are needed for AddPictureControl-->
    <property name="PlaceholderText" localizedName="##AddMedia_PlaceholderText_PropertyName##" datatype="String" defaultValue="##AddMedia_PlaceholderText##" hidden="true">
      <appMagic:displayName>##AddMedia_PlaceholderText_DisplayName##</appMagic:displayName>
    </property>
    <property name="ChangePictureText" localizedName="##AddMedia_ChangePictureText_PropertyName##" datatype="String" defaultValue="##AddMedia_ChangePictureText##">
      <appMagic:displayName>##AddMedia_ChangePictureText_DisplayName##</appMagic:displayName>
    </property>
    <property name="Error" localizedName="##addMedia_Error##" datatype="String" direction="out">
      <title>Error</title>
      <appMagic:category>data</appMagic:category>
    </property>
    <property name="Media" localizedName="##addMedia_Media##" datatype="String" direction="out" isPrimaryOutputProperty="true">
      <title>Media Uri of the added media</title>
      <appMagic:category>data</appMagic:category>
    </property>
    <property name="FileName" localizedName="##addMedia_FileName##" datatype="String" direction="out">
      <title>File name of the added media</title>
      <appMagic:category>data</appMagic:category>
    </property>
    <property name="Reset" localizedName="##commonProperties_Reset##" datatype="Boolean" defaultValue="false" direction="in">
      <title>Reset</title>
      <appMagic:category>data</appMagic:category>
      <appMagic:displayName>##commonProperties_Reset_DisplayName##</appMagic:displayName>
      <appMagic:tooltip>##commonProperties_Reset_Tooltip##</appMagic:tooltip>
    </property>
  </properties>
  <appMagic:includeProperties>
    <!-- Data -->
    <appMagic:includeProperty name="Text" defaultValue="##AddMedia_PlaceholderText##" isPrimaryInputProperty="true" />
    <appMagic:includeProperty name="AccessibleLabel" />
    <appMagic:includeProperty name="Tooltip" />
    <appMagic:includeProperty name="ContentLanguage" />
    <!-- Design -->
    <appMagic:includeProperty name="BorderColor" />
    <appMagic:includeProperty name="DisabledBorderColor" defaultValue="RGBA(56, 56, 56, 1)" />
    <appMagic:includeProperty name="PressedBorderColor" defaultValue="ColorFade(Self.BorderColor, -20%)" />
    <appMagic:includeProperty name="HoverBorderColor" defaultValue="ColorFade(Self.BorderColor, 20%)" />
    <appMagic:includeProperty name="BorderStyle" />
    <appMagic:includeProperty name="BorderThickness" />
    <appMagic:includeProperty name="FocusedBorderColor" defaultValue="Self.BorderColor" isExpr="true" />
    <appMagic:includeProperty name="FocusedBorderThickness" />
    <appMagic:includeProperty name="Color" defaultValue="RGBA(255, 255, 255, 1)" />
    <appMagic:includeProperty name="DisabledColor" defaultValue="RGBA(186, 186, 186, 1)" />
    <appMagic:includeProperty name="PressedColor" defaultValue="Self.Color" />
    <appMagic:includeProperty name="HoverColor" defaultValue="Self.Color" />
    <appMagic:includeProperty name="DisplayMode" />
    <appMagic:includeProperty name="Fill" defaultValue="RGBA(0, 176, 240, 1)" />
    <appMagic:includeProperty name="DisabledFill" defaultValue="RGBA(119, 119, 119, 1)" />
    <appMagic:includeProperty name="PressedFill" defaultValue="ColorFade(Self.Fill, -20%)" />
    <appMagic:includeProperty name="HoverFill" defaultValue="ColorFade(Self.Fill, 20%)" />
    <appMagic:includeProperty name="Font" />
    <appMagic:includeProperty name="Size" />
    <appMagic:includeProperty name="FontWeight" defaultValue="%FontWeight.RESERVED%.Semibold" />
    <appMagic:includeProperty name="Italic" />
    <appMagic:includeProperty name="Underline" />
    <appMagic:includeProperty name="Strikethrough" />
    <appMagic:includeProperty name="Align" defaultValue="%Align.RESERVED%.Center" />
    <appMagic:includeProperty name="VerticalAlign" defaultValue="%VerticalAlign.RESERVED%.Middle" />
    <appMagic:includeProperty name="Padding" />
    <appMagic:includeProperty name="Visible" />
    <appMagic:includeProperty name="X" />
    <appMagic:includeProperty name="Y" />
    <appMagic:includeProperty name="Width" defaultValue="328" phoneDefaultValue="575" webDefaultValue="180" />
    <appMagic:includeProperty name="Height" defaultValue="246" phoneDefaultValue="432" webDefaultValue="165" />
    <appMagic:includeProperty name="TabIndex" />
    <!-- Behavior -->
    <!-- TASK: 85476: Do Behavior properties make sense as input only? -->
    <appMagic:includeProperty name="OnSelect" direction="in" />
    <appMagic:includeProperty name="OnChange" direction="in" />
    <!-- Hidden -->
    <appMagic:includeProperty name="maximumHeight" defaultValue="768" />
    <appMagic:includeProperty name="maximumWidth" defaultValue="1366" />
    <appMagic:includeProperty name="minimumHeight" defaultValue="5" />
    <appMagic:includeProperty name="minimumWidth" defaultValue="5" />
  </appMagic:includeProperties>
  <!-- Display metadata providing property visibility, order, sections, and grouping in UI (e.g. properties panel) -->
  <appMagic:displayMetadata>
    <appMagic:section>
      <appMagic:property name="Text" />
      <appMagic:property name="ChangePictureText" />
      <appMagic:property name="DisplayMode" />
    </appMagic:section>
    <appMagic:section>
      <appMagic:property name="Visible" />
      <appMagic:propertyGroup name="Position">
        <appMagic:property name="X" />
        <appMagic:property name="Y" />
      </appMagic:propertyGroup>
      <appMagic:propertyGroup name="Size">
        <appMagic:property name="Width" />
        <appMagic:property name="Height" />
      </appMagic:propertyGroup>
      <appMagic:property name="Padding" />
    </appMagic:section>
    <appMagic:section>
      <appMagic:propertyGroup name="Color">
        <appMagic:property name="Color" showInFloatie="true" />
        <appMagic:property name="Fill" showInFloatie="true" />
      </appMagic:propertyGroup>
      <appMagic:property name="Font" displayType="FontEnum" showInFloatie="true" />
      <appMagic:property name="Size" labelOverride="##FontSize_Property##" showInFloatie="true" />
      <appMagic:property name="FontWeight" displayType="EnumIcon" itemsOrder="Bold;Semibold;Normal;Lighter" />
      <appMagic:propertyGroup name="Style">
        <appMagic:property name="Italic" displayType="ToggleButton" />
        <appMagic:property name="Underline" displayType="ToggleButton" />
        <appMagic:property name="Strikethrough" displayType="ToggleButton" />
      </appMagic:propertyGroup>
      <appMagic:property name="Align" displayType="EnumButtons" itemsOrder="Left;Center;Right;Justify" labelOverride="##FontAlign_Property##" showInFloatie="true" floatieDisplayType="FaceplateIconEnum" />
      <appMagic:propertyGroup name="Border">
        <appMagic:property name="BorderStyle" />
        <appMagic:property name="BorderThickness" />
        <appMagic:property name="BorderColor" />
      </appMagic:propertyGroup>
    </appMagic:section>
    <appMagic:section>
      <appMagic:propertyGroup name="DisabledColor">
        <appMagic:property name="DisabledColor" />
        <appMagic:property name="DisabledFill" />
        <appMagic:property name="DisabledBorderColor" />
      </appMagic:propertyGroup>
      <appMagic:propertyGroup name="HoverColor">
        <appMagic:property name="HoverColor" />
        <appMagic:property name="HoverFill" />
        <appMagic:property name="HoverBorderColor" />
      </appMagic:propertyGroup>
      <appMagic:propertyGroup name="PressedColor">
        <appMagic:property name="PressedColor" />
        <appMagic:property name="PressedFill" />
        <appMagic:property name="PressedBorderColor" />
      </appMagic:propertyGroup>
      <appMagic:property name="Tooltip" />
      <appMagic:property name="TabIndex" />
    </appMagic:section>
    <appMagic:section>
      <appMagic:property name="VerticalAlign" hideInPropertyPanel="true" />
    </appMagic:section>
  </appMagic:displayMetadata>
  <appMagic:conversion from="2.0.0" to="2.0.1">
    <!-- Removed defaultValue for BorderColor. BorderColor default now defined in theme. -->
  </appMagic:conversion>
  <appMagic:conversion from="2.0.1" to="2.0.2">
    <appMagic:conversionAction type="add" name="FileName" />
  </appMagic:conversion>
  <appMagic:conversion from="2.0.2" to="2.1.0">
    <appMagic:conversionAction type="add" name="UseMobileCamera" />
  </appMagic:conversion>
  <appMagic:conversion from="2.1.0" to="2.1.1">
    <!-- removed comment from within the KO if statement -->
  </appMagic:conversion>
  <appMagic:conversion from="2.1.1" to="2.1.2">
    <!-- changed showFileInput type from boolean to observable (boolean) -->
  </appMagic:conversion>
  <appMagic:conversion from="2.1.2" to="2.2.0">
    <appMagic:conversionAction type="add" name="ContentLanguage" />
  </appMagic:conversion>
  <appMagic:conversion from="2.2.0" to="2.2.1">
    <!-- KO template changes for fixing accessible label -->
  </appMagic:conversion>
</widget>