<widget xmlns="http://openajax.org/metadata" spec="1.0" id="http://microsoft.com/appmagic/checkbox" name="checkbox" jsClass="AppMagic.Controls.Checkbox" version="2.1.0" styleable="true" runtimeCost="1" xmlns:appMagic="http://schemas.microsoft.com/appMagic">
  <author name="Microsoft AppMagic" />
  <license type="text/html"><![CDATA[<p>TODO:  Need license text here.</p>]]></license>
  <description><![CDATA[CHECKBOX
      Control description here.]]></description>
  <requires>
    <require type="css" src="css/checkbox.css" />
    <require type="javascript" src="js/checkbox.js" />
  </requires>
  <appMagic:capabilities contextualViewsEnabled="true" autoBorders="true" autoFocusedBorders="true" autoFill="true" autoPointerViewState="true" autoDisabledViewState="true" isVersionFlexible="true" />
  <appMagic:accessibilityChecks controlIsInteractive="true" />
  <content><![CDATA[
  <div
    class="appmagic-checkbox-control" touch-action="pan-x pan-y"
    data-bind="{
      css: {
        readonly: isReadonly()
      },
      style: {
        paddingTop: properties.PaddingTop,
        paddingRight: properties.PaddingRight,
        paddingBottom: properties.PaddingBottom,
        paddingLeft: properties.PaddingLeft,
      },
      shortcut: {
        provider: shortcutProvider
      },
      attr: { title:properties.Tooltip }}" >
      <!-- click class is defined for label/checkbox control to enable the label to select/deselect the checkbox control -->
      <label class="checkbox-label click"
        data-control-part="tappable"
        data-bind ="{
          event: {click: handleClick},
          css: { top: properties.VerticalAlign() === 'top', middle: properties.VerticalAlign() === 'middle', bottom: properties.VerticalAlign() === 'bottom' }
        }">
        <input
          appmagic-control="__WID__"
          data-control-part="input"
          type="checkbox"
          class="appmagic-checkbox click mousetrap"
          tabIndex="-1"
          data-bind="{
            disable: isDisabled(),
            attr: {
              checked: properties.Value()
            },
            event: {
              change: handleChange
            }
          }"/>
        <div class="appmagic-checkbox-placeholder" data-bind="style: { fontSize: properties.CheckboxSize}">
            <svg width="0.8em" height="0.8em" viewBox="0 0 36 36" enable-background="new 0 0 36 36" xmlns="http://www.w3.org/2000/svg" focusable="false" aria-hidden="true">
               <g data-bind="
                attr: {
                  opacity: viewState.displayMode() === AppMagic.Constants.DisplayMode.Disabled ? '0.4' : '1'
                }">
                <rect data-bind="attr: { fill: properties.CheckboxBackgroundFill, stroke: properties.CheckboxBorderColor }" height="28" width="28" y="4" x="4" stroke-width="2" />
                <polygon class="checkmark" data-bind="attr: { fill: properties.CheckmarkFill, opacity: (properties.Value()) ? '1' : '0' }" points="16.1 25.5 10 19.4 12.1 17.3 15.8 21 23.6 10.5 26 12.3" />
               </g>
            </svg>
        </div>
        <div
          style="padding-left: 10px;"
          tabIndex="-1"
          class="appmagic-checkbox-label"
          spellcheck="false"
          data-control-part="text"
          data-bind="{
            inlineEditText: properties.Text,
            style: {
              fontFamily: properties.Font,
              fontSize: properties.Size,
              color: autoProperties.Color,
              fontWeight: properties.FontWeight,
              fontStyle: properties.Italic
            },
            css: {
              underline: properties.Underline,
              strikethrough: properties.Strikethrough
            }
          }">
        </div>
     </label>
  </div>
  ]]></content>
  <properties>
    <property name="Default" localizedName="##checkbox_Default##" datatype="Boolean" editable="true" defaultValue="false" direction="in">
      <title>Checkbox default value</title>
      <appMagic:category>data</appMagic:category>
      <appMagic:displayName>##checkbox_Default_DisplayName##</appMagic:displayName>
      <appMagic:tooltip>##checkbox_Default_Tooltip##</appMagic:tooltip>
    </property>
    <property name="Value" localizedName="##checkbox_Value##" datatype="Boolean" direction="out" isPrimaryOutputProperty="true" supportsAutomation="true">
      <title>Checkbox value</title>
      <appMagic:category>data</appMagic:category>
    </property>
    <!-- TASK: 85476: Do Behavior properties make sense as input only? -->
    <property name="OnCheck" localizedName="##checkbox_OnCheck##" datatype="Boolean" defaultValue="false" direction="in" isPrimaryBehaviorProperty="true">
      <title>Checkbox checked behavior</title>
      <appMagic:category>behavior</appMagic:category>
      <appMagic:displayName>##checkbox_OnCheck_DisplayName##</appMagic:displayName>
      <appMagic:tooltip>##checkbox_OnCheck_Tooltip##</appMagic:tooltip>
    </property>
    <!-- TASK: 85476: Do Behavior properties make sense as input only? -->
    <property name="OnUncheck" localizedName="##checkbox_OnUncheck##" datatype="Boolean" defaultValue="false" direction="in">
      <title>Checkbox unchecked behavior</title>
      <appMagic:category>behavior</appMagic:category>
      <appMagic:displayName>##checkbox_OnUncheck_DisplayName##</appMagic:displayName>
      <appMagic:tooltip>##checkbox_OnUncheck_Tooltip##</appMagic:tooltip>
    </property>
    <property name="Reset" localizedName="##commonProperties_Reset##" datatype="Boolean" defaultValue="false" direction="in">
      <title>Reset</title>
      <appMagic:category>data</appMagic:category>
      <appMagic:displayName>##commonProperties_Reset_DisplayName##</appMagic:displayName>
      <appMagic:tooltip>##commonProperties_Reset_Tooltip##</appMagic:tooltip>
    </property>
    <property name="CheckmarkFill" localizedName="##checkbox_CheckmarkFill##" datatype="Color" isExpr="true" defaultValue="RGBA(0, 0, 0, 1)" converter="argbConverter">
      <title>Checkbox Checkmark Fill</title>
      <appMagic:category>design</appMagic:category>
      <appMagic:helperUI>color</appMagic:helperUI>
      <appMagic:displayName>##checkbox_CheckmarkFill_DisplayName##</appMagic:displayName>
      <appMagic:tooltip>##checkbox_CheckmarkFill_Tooltip##</appMagic:tooltip>
    </property>
    <property name="CheckboxBackgroundFill" localizedName="##checkbox_BackgroundFill##" datatype="Color" isExpr="true" defaultValue="RGBA(255, 255, 255, 1)" converter="argbConverter">
      <title>Checkbox Background Fill</title>
      <appMagic:category>design</appMagic:category>
      <appMagic:helperUI>color</appMagic:helperUI>
      <appMagic:displayName>##checkbox_BackgroundFill_DisplayName##</appMagic:displayName>
      <appMagic:tooltip>##checkbox_BackgroundFill_Tooltip##</appMagic:tooltip>
    </property>
    <property name="CheckboxBorderColor" localizedName="##checkbox_BorderColor##" datatype="Color" isExpr="true" defaultValue="RGBA(0, 0, 0, 1)" converter="argbConverter">
      <title>Checkbox Border Color</title>
      <appMagic:category>design</appMagic:category>
      <appMagic:helperUI>color</appMagic:helperUI>
      <appMagic:displayName>##checkbox_BorderColor_DisplayName##</appMagic:displayName>
      <appMagic:tooltip>##checkbox_BorderColor_Tooltip##</appMagic:tooltip>
    </property>
    <property name="CheckboxSize" localizedName="##checkbox_CheckboxSize##" datatype="Number" defaultValue="40" phoneDefaultValue="70" converter="pxConverter">
      <title>Checkbox Size</title>
      <appMagic:category>design</appMagic:category>
      <appMagic:helperUI>fontSize</appMagic:helperUI>
      <appMagic:displayName>##checkbox_CheckboxSize_DisplayName##</appMagic:displayName>
      <appMagic:tooltip>##checkbox_CheckboxSize_Tooltip##</appMagic:tooltip>
    </property>
  </properties>
  <appMagic:includeProperties>
    <!-- Data -->
    <appMagic:includeProperty name="Text" defaultValue="##Checkbox_DefaultValue_Text##" isExpr="true" isPrimaryInputProperty="true" />
    <appMagic:includeProperty name="Tooltip" />
    <appMagic:includeProperty name="ContentLanguage" />
    <!-- Design -->
    <appMagic:includeProperty name="BorderColor" />
    <appMagic:includeProperty name="DisabledBorderColor" defaultValue="RGBA(56, 56, 56, 1)" />
    <appMagic:includeProperty name="BorderStyle" />
    <appMagic:includeProperty name="BorderThickness" />
    <appMagic:includeProperty name="FocusedBorderColor" defaultValue="Self.BorderColor" isExpr="true" />
    <appMagic:includeProperty name="FocusedBorderThickness" />
    <appMagic:includeProperty name="PressedBorderColor" defaultValue="ColorFade(Self.BorderColor, -30%)" />
    <appMagic:includeProperty name="HoverBorderColor" defaultValue="ColorFade(Self.BorderColor, 30%)" />
    <appMagic:includeProperty name="Color" defaultValue="RGBA(70, 68, 64, 1)" />
    <appMagic:includeProperty name="DisabledColor" defaultValue="RGBA(186, 186, 186, 1)" />
    <appMagic:includeProperty name="Fill" />
    <appMagic:includeProperty name="DisabledFill" defaultValue="RGBA(0, 0, 0, 0)" />
    <appMagic:includeProperty name="Font" />
    <appMagic:includeProperty name="Size" defaultValue="14" phoneDefaultValue="24" />
    <appMagic:includeProperty name="PressedColor" defaultValue="RGBA(70, 68, 64, 1)" />
    <appMagic:includeProperty name="HoverColor" defaultValue="RGBA(70, 68, 64, 1)" />
    <appMagic:includeProperty name="PressedFill" defaultValue="ColorFade(Self.Fill, -30%)" />
    <appMagic:includeProperty name="HoverFill" defaultValue="ColorFade(Self.Fill, 30%)" />
    <appMagic:includeProperty name="FontWeight" defaultValue="%FontWeight.RESERVED%.Normal" />
    <appMagic:includeProperty name="Italic" />
    <appMagic:includeProperty name="Underline" />
    <appMagic:includeProperty name="Strikethrough" />
    <appMagic:includeProperty name="PaddingTop" />
    <appMagic:includeProperty name="PaddingRight" />
    <appMagic:includeProperty name="PaddingBottom" />
    <appMagic:includeProperty name="PaddingLeft" />
    <appMagic:includeProperty name="VerticalAlign" defaultValue="%VerticalAlign.RESERVED%.Middle" />
    <appMagic:includeProperty name="X" />
    <appMagic:includeProperty name="Y" />
    <appMagic:includeProperty name="Width" defaultValue="150" phoneDefaultValue="280" />
    <appMagic:includeProperty name="Height" defaultValue="50" phoneDefaultValue="85" />
    <appMagic:includeProperty name="Visible" />
    <appMagic:includeProperty name="DisplayMode" />
    <appMagic:includeProperty name="TabIndex" />
    <!-- Behavior -->
    <!-- TASK: 85476: Do Behavior properties make sense as input only? -->
    <appMagic:includeProperty name="OnSelect" direction="in" />
    <!-- Hidden properties -->
    <appMagic:includeProperty name="maximumHeight" defaultValue="768" />
    <appMagic:includeProperty name="maximumWidth" defaultValue="1366" />
    <appMagic:includeProperty name="minimumHeight" defaultValue="35" />
    <appMagic:includeProperty name="minimumWidth" defaultValue="100" />
  </appMagic:includeProperties>
  <!--Property Dependencies -->
  <appMagic:propertyDependencies>
    <appMagic:propertyDependency input="Default" output="Value" />
    <appMagic:propertyDependency input="Reset" output="Value" />
  </appMagic:propertyDependencies>
  <appMagic:insertMetadata>
    <appMagic:category name="Input" priority="80" />
    <appMagic:category name="ClassicControls" priority="80" />
  </appMagic:insertMetadata>
  <!-- Display metadata providing property visibility, order, sections, and grouping in UI (e.g. properties panel) -->
  <appMagic:displayMetadata>
    <appMagic:section>
      <appMagic:property name="Text" />
      <appMagic:property name="Default" />
      <appMagic:property name="DisplayMode" />
    </appMagic:section>
    <appMagic:section>
      <appMagic:property name="Visible" />
      <appMagic:propertyGroup name="Position">
        <appMagic:property name="X" />
        <appMagic:property name="Y" />
      </appMagic:propertyGroup>
      <appMagic:propertyGroup name="Size">
        <appMagic:property name="Width" />
        <appMagic:property name="Height" />
      </appMagic:propertyGroup>
      <appMagic:propertyGroup name="Padding">
        <appMagic:property name="PaddingTop" labelOverride="##Padding_Top_Title##" />
        <appMagic:property name="PaddingBottom" labelOverride="##Padding_Bottom_Title##" />
        <appMagic:property name="PaddingLeft" labelOverride="##Padding_Left_Title##" />
        <appMagic:property name="PaddingRight" labelOverride="##Padding_Right_Title##" />
      </appMagic:propertyGroup>
    </appMagic:section>
    <appMagic:section>
      <appMagic:propertyGroup name="Color">
        <appMagic:property name="Color" showInFloatie="true" />
        <appMagic:property name="Fill" showInFloatie="true" />
      </appMagic:propertyGroup>
      <appMagic:property name="Font" displayType="FontEnum" showInFloatie="true" />
      <appMagic:property name="Size" labelOverride="##FontSize_Property##" showInFloatie="true" />
      <appMagic:property name="FontWeight" displayType="EnumIcon" itemsOrder="Bold;Semibold;Normal;Lighter" />
      <appMagic:propertyGroup name="Style">
        <appMagic:property name="Italic" displayType="ToggleButton" />
        <appMagic:property name="Underline" displayType="ToggleButton" />
        <appMagic:property name="Strikethrough" displayType="ToggleButton" />
      </appMagic:propertyGroup>
      <appMagic:propertyGroup name="Border">
        <appMagic:property name="BorderStyle" />
        <appMagic:property name="BorderThickness" />
        <appMagic:property name="BorderColor" />
      </appMagic:propertyGroup>
    </appMagic:section>
    <appMagic:section>
      <appMagic:property name="CheckboxSize" />
      <appMagic:propertyGroup name="CheckboxColor">
        <appMagic:property name="CheckboxBackgroundFill" />
        <appMagic:property name="CheckboxBorderColor" />
      </appMagic:propertyGroup>
      <appMagic:property name="CheckmarkFill" />
      <appMagic:property name="VerticalAlign" displayType="EnumIcon" itemsOrder="Top;Middle;Bottom" />
    </appMagic:section>
    <appMagic:section>
      <appMagic:propertyGroup name="DisabledColor">
        <appMagic:property name="DisabledColor" />
        <appMagic:property name="DisabledFill" />
        <appMagic:property name="DisabledBorderColor" />
      </appMagic:propertyGroup>
      <appMagic:propertyGroup name="PressedColor">
        <appMagic:property name="PressedColor" />
        <appMagic:property name="PressedFill" />
        <appMagic:property name="PressedBorderColor" />
      </appMagic:propertyGroup>
      <appMagic:propertyGroup name="HoverColor">
        <appMagic:property name="HoverColor" />
        <appMagic:property name="HoverFill" />
        <appMagic:property name="HoverBorderColor" />
      </appMagic:propertyGroup>
      <appMagic:property name="Tooltip" />
      <appMagic:property name="TabIndex" />
    </appMagic:section>
  </appMagic:displayMetadata>
  <appMagic:conversion from="2.0.0" to="2.0.1">
    <!-- Removed defaultValue for BorderColor. BorderColor default now defined in theme. -->
  </appMagic:conversion>
  <appMagic:conversion from="2.0.1" to="2.1.0">
    <appMagic:conversionAction type="add" name="ContentLanguage" />
  </appMagic:conversion>
</widget>