<widget xmlns="http://openajax.org/metadata" spec="1.0" id="http://microsoft.com/appmagic/pieChart" name="pieChart" jsClass="AppMagic.Controls.PieChart" styleable="true" version="2.2.0" runtimeCost="1" xmlns:appMagic="http://schemas.microsoft.com/appMagic">
  <author name="Microsoft AppMagic" />
  <license type="text/html"><![CDATA[<p>TODO:  Need license text here.</p>]]></license>
  <description><![CDATA[PieChart
      Control description here.]]></description>
  <requires>
    <require type="javascript" src="/openSource/modified/flotr2.js" />
    <require type="javascript" src="/ctrllib/charts/js/Charts.js" />
    <require type="css" src="/ctrllib/charts/css/charts.css" />
    <require type="css" src="css/pieChart.css" />
    <require type="other" src="data/PieChartSample.xlsx" authoringOnly="true" />
  </requires>
  <appMagic:capabilities contextualViewsEnabled="true" autoBorders="true" autoPointerViewState="true" autoDisabledViewState="true" isVersionFlexible="true" />
  <appMagic:accessibilityChecks>
    <appMagic:accessibilityCheck type="HelpfulControlSettingNeeded" property="ShowLabels" />
  </appMagic:accessibilityChecks>
  <content><![CDATA[
    <div class="appmagic-piechart-container appmagic-chart" data-bind="
      style: {
        fontFamily: properties.Font,
        fontSize: properties.Size,
        color: properties.Color
      }
    ">
      <div class="appmagic-piechart" aria-hidden="true" data-bind="
        style: {
          width: canvasWidth,
          height: canvasHeight
        }
      ">
      </div>
      <div data-bind="if: viewState.displayMode() !== AppMagic.Constants.DisplayMode.View">
        <div data-bind="foreach: interactiveItems">
          <button data-bind="
            text: label,
            click: $parent.selectItem,
            disable: $parent.viewState.displayMode() !== AppMagic.Constants.DisplayMode.Edit
          ">
          </button>
        </div>
      </div>
      <table>
        <caption data-bind="text: AppMagic.Strings.PieChartTableCaption"></caption>
        <tr>
          <th scope="col" data-bind="text: properties.Items()
            && properties.Items()[AppMagic.Constants.nameMapProperty]
            && properties.Items()[AppMagic.Constants.nameMapProperty].Labels"></th>
          <th scope="col" data-bind="text: properties.Items()
            && properties.Items()[AppMagic.Constants.nameMapProperty]
            && properties.Items()[AppMagic.Constants.nameMapProperty].Series"></th>
        </tr>
        <!-- ko foreach: properties.Items() -->
        <tr>
          <th scope="row" data-bind="text: $data && $data.Labels"></th>
          <td data-bind="text: $data && $data.Series"></td>
        </tr>
        <!-- /ko -->
    </table>
    </div>
  ]]></content>
  <properties>
    <property name="Items" localizedName="##chart_Items##" datatype="Array" direction="in" isPrimaryInputProperty="true" hasEditableNameMap="true">
      <title>Items</title>
      <appMagic:category>data</appMagic:category>
      <appMagic:sampleDataSource name="PieChartSample" location="data/PieChartSample.xlsx" />
      <appMagic:displayName>##chart_Items_DisplayName##</appMagic:displayName>
      <properties>
        <property name="Labels" localizedName="##pieChart_Labels##" datatype="String"></property>
        <property name="Series" localizedName="##pieChart_Series##" datatype="Number"></property>
      </properties>
      <appMagic:tooltip>##chart_Items_Tooltip##</appMagic:tooltip>
    </property>
    <property name="Selected" localizedName="##pieChart_Selected##" datatype="object" direction="out" isPrimaryOutputProperty="true">
      <title>Selected that is going to be passed through</title>
      <appMagic:passThroughReference>Items</appMagic:passThroughReference>
      <appMagic:displayName>##pieChart_Selected_DisplayName##</appMagic:displayName>
      <appMagic:category>data</appMagic:category>
      <properties>
        <property name="Value" localizedName="##pieChart_Value##" datatype="Number" />
        <property name="Color" localizedName="##chart_Color##" datatype="color" />
        <property name="Label" localizedName="##chart_Label##" datatype="string" />
      </properties>
    </property>
    <property name="SeriesLabels" localizedName="##chart_SeriesLabels##" datatype="Array" direction="out">
      <title>Series Labels that are going to be passed through</title>
      <appMagic:category>data</appMagic:category>
      <appMagic:displayName>##chart_SeriesLabels_DisplayName##</appMagic:displayName>
      <properties>
        <property name="Value" localizedName="##chart_SeriesLabels_Value##" datatype="String"></property>
      </properties>
    </property>
    <property name="Explode" localizedName="##piechart_Explode##" datatype="Number" defaultValue="0">
      <title>Explode</title>
      <appMagic:category>design</appMagic:category>
      <appMagic:displayName>##piechart_Explode_DisplayName##</appMagic:displayName>
      <appMagic:tooltip>##piechart_Explode_Tooltip##</appMagic:tooltip>
    </property>
    <property name="ShowLabels" localizedName="##CommonProperties_ShowLabels##" datatype="boolean" defaultValue="true">
      <title>Show Labels</title>
      <appMagic:category>design</appMagic:category>
      <appMagic:helperUI>boolean</appMagic:helperUI>
      <appMagic:displayName>##CommonProperties_ShowLabels_DisplayName##</appMagic:displayName>
    </property>
    <property name="ItemColorSet" localizedName="##chart_ItemColorSet##" datatype="Array" defaultValue="[RGBA(1, 176, 241, 1), RGBA(146, 208, 81, 1), RGBA(112, 48, 160, 1), RGBA(253, 193, 0, 1), RGBA(176, 0, 0, 1), RGBA(0, 210, 210, 1), RGBA(119, 119, 119, 1), RGBA(255, 131, 6, 1), RGBA(2, 33, 97, 1), RGBA(0, 175, 82, 1)]" isExpr="true">
      <title>ItemColorSet</title>
      <appMagic:category>design</appMagic:category>
      <appMagic:displayName>##chart_ItemColorSet_DisplayName##</appMagic:displayName>
      <properties>
        <property name="Value" localizedName="##chart_ItemColorSet_Value##" datatype="Color"></property>
      </properties>
      <appMagic:tooltip>##chart_ItemColorSet_Tooltip##</appMagic:tooltip>
    </property>
    <property name="LabelPosition" localizedName="##chart_LabelPosition##" datatype="LabelPosition" defaultValue="%LabelPosition.RESERVED%.Outside" isExpr="true">
      <title>Label Position</title>
      <appMagic:category>design</appMagic:category>
      <appMagic:helperUI>boolean</appMagic:helperUI>
      <appMagic:displayName>##chart_LabelPosition_DisplayName##</appMagic:displayName>
    </property>
    <property name="ItemBorderThickness" localizedName="##chart_ItemBorderThickness##" datatype="Number" defaultValue="2">
      <title>Slice Border Thickness</title>
      <appMagic:category>design</appMagic:category>
      <appMagic:helperUI>fontSize</appMagic:helperUI>
      <appMagic:displayName>##chart_ItemBorderThickness_DisplayName##</appMagic:displayName>
    </property>
    <property name="ItemBorderColor" localizedName="##chart_ItemBorderColor##" datatype="Color" defaultValue="RGBA(255, 255, 255, 1)" isExpr="true" converter="argbConverter">
      <title>Slice Border Color</title>
      <appMagic:category>design</appMagic:category>
      <appMagic:helperUI>color</appMagic:helperUI>
      <appMagic:displayName>##chart_ItemBorderColor_DisplayName##</appMagic:displayName>
    </property>
    <property name="FadeOnHover" localizedName="##CommonProperties_FadeOnHover##" datatype="Number" defaultValue="30" minimum="-100" maximum="100" hidden="true">
      <title>Fade On Hover</title>
      <appMagic:category>design</appMagic:category>
      <appMagic:helperUI>fade</appMagic:helperUI>
      <appMagic:displayName>##CommonProperties_FadeOnHover_DisplayName##</appMagic:displayName>
    </property>
    <property name="FadeOnClick" localizedName="##CommonProperties_FadeOnClick##" datatype="Number" defaultValue="30" minimum="-100" maximum="100" hidden="true">
      <title>Fade On Click</title>
      <appMagic:category>design</appMagic:category>
      <appMagic:helperUI>fade</appMagic:helperUI>
      <appMagic:displayName>##CommonProperties_FadeOnClick_DisplayName##</appMagic:displayName>
    </property>
    <property name="FadeOnClickBorder" localizedName="##CommonProperties_FadeOnClickBorder##" datatype="Number" defaultValue="-30" minimum="-100" maximum="100" hidden="true">
      <title>Fade On Click Border</title>
      <appMagic:category>design</appMagic:category>
      <appMagic:helperUI>fade</appMagic:helperUI>
      <appMagic:displayName>##CommonProperties_FadeOnClickBorder_DisplayName##</appMagic:displayName>
    </property>
  </properties>
  <appMagic:includeProperties>
    <!-- Data properties -->
    <appMagic:includeProperty name="ContentLanguage" />
    <!-- Design properties -->
    <appMagic:includeProperty name="DisabledBorderColor" defaultValue="RGBA(56, 56, 56, 1)" />
    <appMagic:includeProperty name="PressedBorderColor" defaultValue="ColorFade(Self.BorderColor, -30%)" />
    <appMagic:includeProperty name="HoverBorderColor" defaultValue="ColorFade(Self.BorderColor, 30%)" />
    <appMagic:includeProperty name="Size" defaultValue="10" />
    <appMagic:includeProperty name="Color" />
    <appMagic:includeProperty name="BorderColor" />
    <appMagic:includeProperty name="BorderStyle" />
    <appMagic:includeProperty name="BorderThickness" />
    <appMagic:includeProperty name="X" />
    <appMagic:includeProperty name="Y" />
    <appMagic:includeProperty name="Font" />
    <appMagic:includeProperty name="Width" defaultValue="400" />
    <appMagic:includeProperty name="Height" defaultValue="400" />
    <appMagic:includeProperty name="Visible" defaultValue="true" />
    <appMagic:includeProperty name="DisplayMode" />
    <appMagic:includeProperty name="TabIndex" defaultValue="0" />
    <!-- Behavior properties -->
    <appMagic:includeProperty name="OnSelect" direction="in" />
    <!-- Hidden properties -->
    <appMagic:includeProperty name="minimumWidth" defaultValue="5" />
    <appMagic:includeProperty name="minimumHeight" defaultValue="5" />
    <appMagic:includeProperty name="maximumWidth" defaultValue="1366" />
    <appMagic:includeProperty name="maximumHeight" defaultValue="768" />
  </appMagic:includeProperties>
  <appMagic:propertyDependencies>
    <appMagic:propertyDependency input="Items" output="Selected" />
  </appMagic:propertyDependencies>
  <!-- Display metadata providing property visibility, order, sections, and grouping in UI (e.g. properties panel) -->
  <appMagic:displayMetadata>
    <appMagic:section>
      <appMagic:property name="Items" serverProvidesValue="true" hasNameMaps="true" computedValueType="ItemsWithNameMaps" hasAdvancedNameMapsOnly="true" />
    </appMagic:section>
    <appMagic:section>
      <appMagic:property name="Explode" />
      <appMagic:property name="ShowLabels" />
      <appMagic:property name="LabelPosition" showInFloatie="true" />
      <appMagic:property name="ItemBorderThickness" />
      <appMagic:property name="ItemBorderColor" />
      <appMagic:property name="DisplayMode" />
    </appMagic:section>
    <appMagic:section>
      <appMagic:property name="Visible" />
      <appMagic:propertyGroup name="Position">
        <appMagic:property name="X" />
        <appMagic:property name="Y" />
      </appMagic:propertyGroup>
      <appMagic:propertyGroup name="Size">
        <appMagic:property name="Width" />
        <appMagic:property name="Height" />
      </appMagic:propertyGroup>
    </appMagic:section>
    <appMagic:section>
      <appMagic:propertyGroup name="Color">
        <appMagic:property name="Color" showInFloatie="true" />
      </appMagic:propertyGroup>
      <appMagic:property name="Font" displayType="FontEnum" showInFloatie="true" />
      <appMagic:property name="Size" labelOverride="##FontSize_Property##" showInFloatie="true" />
      <appMagic:propertyGroup name="Border">
        <appMagic:property name="BorderStyle" />
        <appMagic:property name="BorderThickness" />
        <appMagic:property name="BorderColor" />
      </appMagic:propertyGroup>
    </appMagic:section>
    <appMagic:section>
      <appMagic:propertyGroup name="DisabledColor">
        <appMagic:property name="DisabledBorderColor" />
      </appMagic:propertyGroup>
      <appMagic:propertyGroup name="HoverColor">
        <appMagic:property name="HoverBorderColor" />
      </appMagic:propertyGroup>
      <appMagic:propertyGroup name="PressedColor">
        <appMagic:property name="PressedBorderColor" />
      </appMagic:propertyGroup>
    </appMagic:section>
  </appMagic:displayMetadata>
  <appMagic:conversion from="2.0.0" to="2.1.0">
    <appMagic:conversionAction type="add" name="TabIndex" />
  </appMagic:conversion>
  <appMagic:conversion from="2.1.0" to="2.2.0">
    <appMagic:conversionAction type="add" name="ContentLanguage" />
  </appMagic:conversion>
</widget>